identifiantproduit;prixmoyen
10;0.65
10017;2.24
1004;2.16
1005;1.47
1006;1.38
10073;0.98
10074;1.0
10075;0.99
1008;1.9
10086;2.14
1009;1.83
10091;0.95
10092;1.36
10093;1.15
1010;2.25
1011;0.56
10113;2.12
10114;2.14
1012;1.02
10124;3.68
10125;1.3
10126;1.3
1013;0.61
1014;1.2
10163;1.49
1019;1.53
1021;1.79
10211;0.89
10212;1.04
10214;2.79
10217;0.8
1022;1.69
10220;1.81
10223;6.49
10225;1.04
10226;1.02
10227;2.59
1023;3.98
10231;1.35
10232;0.93
10239;0.94
1024;2.89
1026;3.93
1027;1.87
1028;1.37
1032;2.9
10324;2.69
1033;1.91
1034;1.95
10344;1.22
10348;3.89
1035;1.99
10351;1.69
10356;1.4
10382;1.46
1039;1.97
10398;0.59
104;1.62
10417;3.45
10465;1.4
105;0.84
10527;2.03
10555;0.84
1058;1.49
10637;2.06
10638;1.75
10641;0.66
10655;2.22
1069;2.65
10690;2.95
10695;4.11
1070;3.78
1071;1.9
10715;2.7
10718;3.45
10720;3.7
10727;2.38
10759;2.61
10766;1.47
10767;0.89
10781;1.29
10783;1.11
10784;1.19
10785;3.41
10788;0.67
10795;0.96
10796;1.59
108;5.95
10830;1.03
10842;2.2
1087;2.17
10970;2.11
10979;1.69
10980;2.57
10982;2.59
10984;0.93
10994;1.34
11;0.95
11002;18.99
11003;1.06
11007;3.15
11024;0.51
1103;11.45
11032;1.19
11033;1.09
11034;2.39
11035;1.2
11042;3.05
11046;2.65
1105;0.67
1106;0.94
1107;0.75
11070;1.11
11079;1.15
1108;0.82
1109;1.42
1110;2.76
1115;1.12
1116;1.81
1117;1.89
11175;1.77
11178;1.77
1118;1.89
1120;0.75
1121;0.79
11225;11.7
1125;1.25
1126;1.27
1127;1.5
11292;6.11
113;0.56
11308;1.59
11310;1.81
1133;2.0
1134;1.3
11346;2.13
1135;1.63
11351;3.97
1136;1.74
11365;1.19
11367;1.5
1137;1.86
11418;1.15
11419;1.26
1142;1.71
11420;1.27
11421;1.21
1144;1.6
1145;1.54
1146;1.65
11464;1.26
11469;1.96
1147;2.16
11470;2.25
11471;2.27
1149;0.95
1150;0.75
11508;2.9
11509;0.67
1151;0.75
11518;2.1
11519;2.25
1152;0.49
11520;2.25
11523;2.5
11527;2.68
1154;2.99
11558;2.73
1156;5.7
11561;2.82
11562;2.91
11577;4.65
11587;1.99
1164;2.66
1165;2.95
1166;1.35
11660;1.95
1167;2.25
11677;3.0
11679;3.0
1168;1.72
11683;3.0
1169;1.97
11690;1.4
11692;1.4
11695;2.1
11696;2.1
11697;2.1
117;2.64
11700;3.8
11701;3.8
11702;3.8
11704;3.8
11705;3.8
11707;2.9
11716;6.0
11731;6.0
11734;6.0
11736;3.2
11737;1.8
11745;2.6
1175;2.2
1178;1.86
1179;2.2
1180;1.57
1181;1.74
11818;3.8
1182;1.21
11827;1.59
1183;2.98
1185;6.44
1186;5.64
11868;2.19
1187;4.2
11879;9.75
11880;5.9
11881;5.9
11883;2.59
11886;7.45
11888;5.9
11895;15.95
11903;1.11
11905;2.45
11908;1.39
1191;1.99
11910;1.18
1192;2.33
1193;1.92
1194;3.24
1196;5.25
12;0.65
1200;3.12
12000;1.0
1201;2.69
12017;1.58
1202;3.04
1205;1.38
12052;1.69
12067;3.14
12072;1.57
12076;3.22
12078;1.64
12091;1.24
121;2.03
12107;1.13
12109;1.2
1211;1.25
12112;0.99
12113;0.92
12116;1.19
1212;1.35
12122;1.88
12127;1.15
12129;1.47
1213;1.4
12131;0.92
1214;1.68
1215;1.14
12153;3.42
1216;0.83
12161;1.87
12162;1.91
12163;1.89
12164;2.59
1217;0.88
1218;0.78
1219;1.47
122;3.83
1220;0.73
12207;4.89
1221;1.8
1222;1.15
1223;1.95
12235;1.59
12236;0.93
12238;1.99
12239;1.99
12242;1.81
12243;1.83
12244;1.7
12245;0.92
12249;0.93
1225;1.72
12259;2.54
1226;0.87
12261;0.8
1227;2.65
1228;2.66
1229;2.6
123;2.25
12304;3.73
12331;2.47
12344;1.29
1235;1.62
12362;2.74
12363;3.06
12365;2.94
12373;0.8
12374;1.01
12376;0.55
1238;0.79
12380;1.28
12384;1.78
1239;1.06
12391;2.26
12394;1.71
12396;1.49
12397;2.89
12398;2.89
12399;1.81
124;5.7
1240;2.25
12402;4.03
1241;1.45
1242;1.35
12421;1.66
12422;1.56
12424;0.59
12426;0.9
1243;0.7
12430;2.47
12431;1.23
12432;1.87
12437;1.3
12438;2.82
1244;0.78
12441;1.03
12443;1.95
1245;0.89
12451;1.77
12453;0.91
1246;1.38
12464;0.5
12467;1.56
12468;1.49
12469;1.39
1247;1.71
12470;1.81
12471;0.93
12477;1.41
1248;0.99
125;1.81
1250;3.62
12501;2.48
12506;0.91
1251;1.79
1252;1.74
12521;1.62
12527;0.83
12529;0.65
12532;4.54
12534;2.59
12538;1.1
12542;2.46
12546;0.92
12549;3.19
12551;3.05
12555;2.69
12557;0.95
12564;3.99
12565;1.34
12573;1.27
12581;1.28
12583;1.16
12584;1.45
12585;2.68
12587;3.39
12588;2.5
12591;0.9
126;4.83
12601;2.13
12602;1.42
12603;2.11
12605;2.14
12606;1.41
12607;1.4
12608;1.41
12611;2.27
12622;1.7
12623;2.77
12624;3.21
12634;3.29
12641;4.19
12643;4.11
12661;2.75
12668;4.1
12669;1.15
12670;1.42
12674;0.99
12675;2.04
12676;1.78
12685;1.82
12688;2.47
12691;2.8
12695;1.89
127;1.73
12706;0.72
12712;1.59
12722;1.1
12726;1.09
12733;2.1
12740;1.7
12771;2.1
12772;1.26
12776;2.1
128;0.78
12816;0.91
12838;2.11
129;0.84
12916;1.29
12917;1.63
12928;1.8
12930;3.8
12964;1.28
12965;1.44
12966;1.35
12977;1.8
13;0.95
130;0.92
13014;2.61
13057;2.68
1308;2.99
1309;1.66
131;0.88
13201;1.69
13253;1.95
1326;3.8
13279;0.65
1329;2.46
13307;2.55
13321;1.3
13342;2.34
1335;1.16
13356;2.53
13359;2.65
1336;0.93
13360;1.88
1337;0.84
13425;4.67
1343;2.96
13434;1.25
1344;1.08
13440;1.85
13446;3.06
1345;1.08
1346;0.99
13503;1.59
13552;1.18
1358;1.12
13585;2.78
13589;2.69
1359;1.6
136;1.23
1360;0.65
13604;2.05
13605;1.91
13606;2.38
13628;1.75
13632;2.79
13639;3.11
13643;1.82
13647;2.19
13649;4.65
13650;2.61
13663;1.65
13678;0.63
13679;0.84
13681;1.48
13682;1.31
13683;1.34
13684;0.87
13685;0.79
13686;0.87
13689;0.48
13692;1.44
13693;1.35
13694;0.97
13696;0.39
13698;0.99
13699;1.36
13701;1.33
13703;0.95
13704;3.53
13706;1.47
13711;5.2
13715;5.38
13717;3.39
13718;3.41
13719;4.99
13722;5.12
13728;3.95
13731;3.86
13733;4.1
13735;2.95
13736;5.74
1374;1.32
1376;1.47
1377;1.36
13770;2.06
13776;0.96
13782;1.48
13784;1.2
13785;1.65
13786;1.7
13787;1.65
13788;1.33
13789;1.65
13790;1.32
13792;1.2
138;1.36
1381;0.94
13811;3.5
13827;2.77
1385;2.73
139;1.1
1392;1.07
13975;1.76
13992;0.44
13995;1.21
14;0.6
1400;1.72
14007;3.09
1401;1.8
14018;1.32
1402;2.8
14023;3.89
14027;1.59
1403;2.8
14030;1.12
14033;1.55
14035;1.47
14036;2.13
14038;2.6
1404;1.89
1405;2.42
14050;13.99
14051;1.85
14056;2.49
14058;2.57
14060;2.59
14061;2.43
14062;2.65
14063;2.51
14064;2.47
14068;3.07
1407;1.14
14075;1.11
14079;3.68
14080;1.29
14081;2.29
14082;5.22
14084;1.52
14085;2.99
14087;1.04
14088;1.46
14091;3.72
14094;2.39
14111;1.53
14113;1.79
14114;1.29
14115;1.85
1412;1.09
1413;0.91
14131;2.15
14132;1.28
14136;2.52
1414;1.55
14140;2.1
14143;3.61
14144;0.99
1415;2.86
14151;1.59
14152;2.99
14155;0.89
14158;1.87
1416;1.99
14163;1.11
14165;2.19
14167;1.41
14168;0.96
1417;2.04
14170;2.35
1418;1.86
14183;3.99
14187;2.73
1419;1.05
14190;1.2
14193;2.71
14195;1.92
14196;1.33
1420;1.59
1421;1.9
14211;1.99
14212;1.99
14217;2.6
14218;0.63
14219;0.89
14220;1.67
14222;1.4
14223;0.84
14224;0.99
1423;2.23
14232;2.64
14234;2.21
14235;9.58
14243;1.08
1426;1.19
14260;2.78
14269;3.41
1427;1.2
14270;3.41
14271;2.61
14273;2.04
14276;4.21
1428;1.2
14280;4.06
14281;1.98
14282;2.29
1429;1.2
14292;0.97
14293;2.85
14295;1.93
14296;1.99
14313;3.2
14316;3.99
14324;1.49
14327;3.79
14328;1.66
1433;0.44
14330;2.62
14334;2.39
14336;8.68
14344;1.55
1435;0.44
14351;2.01
14352;0.98
14358;1.18
14359;10.37
1436;1.2
14360;2.09
1437;1.2
14376;1.33
14378;1.33
14381;1.69
14383;1.03
14388;4.64
1441;5.41
14415;0.29
14425;18.34
14426;47.11
14427;13.48
14428;17.88
14429;14.83
14431;10.85
14432;11.17
14433;5.56
14434;11.1
14441;2.41
14442;8.99
14447;1.99
14451;1.64
14452;1.45
14458;0.54
14480;1.05
14481;1.2
14482;1.14
1449;1.26
14494;6.61
14500;1.38
14512;0.85
14543;1.49
14544;0.99
14553;0.8
14556;2.88
14557;2.2
14558;2.28
14563;0.79
14570;3.5
14574;2.31
14575;2.17
14576;2.15
14578;1.71
14579;1.71
14580;1.3
14582;3.71
14620;10.61
14626;1.56
14631;1.41
14633;3.75
14635;1.7
14636;1.71
14637;0.69
14638;1.63
1464;0.83
14642;0.47
14652;2.61
14654;2.02
14657;1.66
14659;4.18
1466;3.92
14660;2.44
14661;2.01
14663;3.2
14664;3.43
14672;1.56
14675;2.54
14680;3.4
14686;3.29
14688;2.01
14695;1.65
147;0.87
14712;4.74
14713;2.01
14715;2.04
14723;3.8
1473;1.64
1474;1.99
14749;2.62
14753;3.52
14760;3.34
14761;4.32
14763;2.29
14778;9.9
14784;0.85
14788;3.26
148;1.13
14804;3.91
1481;0.7
14814;1.15
1482;0.65
14824;5.21
14826;2.24
14827;0.85
14829;2.48
1483;1.06
1484;0.99
1485;0.96
1486;0.99
14867;1.56
14869;1.16
1487;2.07
14873;1.87
14875;2.15
1488;1.41
14882;2.07
14884;0.99
14897;2.27
14898;1.69
14900;2.06
14904;1.62
14909;1.29
14911;1.18
14912;1.96
14917;2.95
14918;1.06
14919;1.23
14923;1.84
14924;2.52
14925;2.29
14931;12.49
14932;9.65
14934;9.82
14937;2.92
14941;23.0
14944;21.47
14945;13.6
14958;4.17
14974;17.95
14975;11.51
14976;17.76
14979;7.54
14980;4.03
14983;21.81
14984;5.66
14985;3.37
14987;20.78
14993;4.3
15;1.02
15007;1.13
15010;2.32
15014;2.81
15022;2.52
15025;1.67
15034;1.5
15036;3.75
15039;2.99
15040;5.81
15046;1.79
15048;1.46
15053;1.26
15057;1.27
15058;1.45
15059;1.31
15060;1.59
15066;1.2
15072;7.9
15084;3.95
15087;1.42
15089;1.45
15095;2.76
15108;1.57
15112;0.57
15130;1.5
15131;1.81
15136;2.29
15149;1.14
1515;1.79
15159;1.15
15162;2.15
15163;1.14
15183;1.31
15202;7.53
15285;2.64
15288;1.29
15350;5.18
1536;1.37
1537;1.4
15431;1.91
15453;3.7
15475;1.26
15476;1.69
15513;0.82
15514;1.58
15522;3.37
15525;1.97
15534;1.94
15542;2.27
15564;0.85
15576;2.47
15579;3.85
15590;1.66
15592;2.71
156;0.98
1560;1.7
15602;2.25
15615;2.09
15629;2.34
15631;2.09
15632;1.44
15634;2.27
15635;1.95
15645;3.15
15648;1.12
15650;0.98
15656;0.54
15665;1.38
15670;17.34
157;0.86
15721;1.34
1573;1.33
15737;4.34
15741;1.46
15746;2.29
15785;3.34
1579;0.62
15790;10.91
15801;2.67
15805;4.25
15807;1.63
15819;2.1
15854;1.76
15855;1.66
15856;3.01
15860;2.07
15863;2.95
15875;4.42
15876;7.53
15884;2.2
15886;2.32
15887;2.61
15889;4.45
15893;1.58
15894;1.88
15895;2.57
15896;1.9
15899;1.61
15903;1.94
15908;2.1
15909;1.98
15910;3.06
15912;1.55
15919;7.08
15925;3.84
15954;3.31
15968;1.57
15969;2.59
15980;5.28
15997;1.17
16;1.11
160;0.58
16025;1.29
16026;1.29
16029;1.67
16031;1.1
16033;1.56
16042;2.6
16043;3.97
16046;1.78
16053;2.07
16060;1.42
16061;1.01
16062;1.5
16063;1.33
16068;4.36
16073;1.06
16074;1.1
16077;0.85
16090;1.46
16113;2.54
16142;1.45
16153;1.67
16154;1.4
16159;1.64
1617;1.23
16170;1.43
16171;1.99
16172;2.65
1618;1.23
16185;3.69
1620;1.27
16231;8.79
16232;5.98
16254;0.88
1626;0.53
1627;1.59
16277;1.89
1629;1.43
1630;1.78
16302;1.38
16303;0.54
16317;1.06
1637;10.03
1640;4.54
16429;2.73
16430;2.17
16431;4.65
16432;1.2
16433;1.2
16434;2.22
16435;0.79
16436;0.85
16438;1.69
16439;1.27
1645;6.2
16483;1.92
16484;1.99
16485;1.99
16487;1.66
16490;0.91
16491;1.36
16492;2.88
16493;2.49
16507;5.29
16520;0.92
1654;1.09
1655;1.86
16550;0.35
1656;1.85
1657;1.1
1658;0.9
1659;0.95
1660;0.79
16606;4.51
16612;4.23
1662;1.6
1664;1.35
16642;0.89
1665;3.6
16664;4.53
16668;1.94
16669;1.94
16737;4.84
16739;5.75
16741;3.99
16765;3.11
16782;2.5
16783;4.99
16796;4.76
16800;1.88
16803;22.0
16829;1.6
1683;1.08
1684;1.8
16842;1.49
16847;2.04
16848;1.88
16849;2.05
1685;2.05
1686;1.85
16875;2.8
16916;9.2
16920;2.04
16922;1.64
16923;1.65
16947;1.22
16952;1.28
16994;2.45
16996;1.41
17;0.81
1703;1.2
17036;0.77
17037;5.8
17062;5.55
1708;10.77
17104;1.11
17105;1.13
17108;1.3
17112;0.87
17113;1.89
1712;3.65
17165;5.39
17185;1.3
17186;1.4
17189;1.51
1719;2.18
172;0.75
1720;4.5
17217;1.45
1722;4.77
17220;1.71
17223;1.3
1725;10.41
1729;1.98
17293;1.6
17294;2.02
173;1.79
17303;0.59
17327;3.22
1733;1.21
17338;1.75
17339;3.97
17340;2.03
17348;1.66
1735;8.71
17362;3.63
1737;3.49
17374;18.44
17389;0.95
17390;0.72
17392;1.52
174;0.91
1740;3.08
17405;1.53
17410;2.59
17413;1.12
17414;1.83
17415;1.7
17417;11.9
17421;1.85
17423;2.89
17425;2.15
17445;4.99
1745;9.82
17469;0.99
17476;1.59
17480;2.03
175;0.88
1751;1.8
1753;4.88
1754;9.38
1755;5.1
1756;0.99
17571;3.02
17579;1.67
17587;2.72
176;0.84
1762;4.52
17621;4.06
1763;2.43
17635;2.65
17636;14.99
1764;2.64
17642;30.04
17645;24.43
17647;7.04
1765;2.42
1769;0.37
17694;21.7
177;0.75
1770;0.46
17709;1.23
1771;2.37
17710;1.18
17716;2.92
17717;1.27
17718;1.29
1772;2.73
17732;14.7
17768;2.34
1778;2.99
178;0.87
17813;2.44
1782;1.35
17843;4.21
17845;4.03
1786;1.13
17899;0.96
17900;3.89
17901;0.94
17917;3.41
17925;2.13
17932;1.01
17938;1.49
1795;1.46
17956;2.76
17969;1.81
17970;1.29
17971;1.21
17972;1.2
17973;1.19
1798;1.17
1799;1.29
17999;2.92
1800;1.67
18000;2.68
18002;2.67
18003;2.67
18004;2.67
1801;0.84
1802;1.47
1803;2.27
1806;1.53
18061;1.69
18063;1.52
18065;2.12
18066;1.15
18070;2.17
18096;1.99
18097;1.28
18098;2.97
1810;0.86
18100;1.47
18102;2.95
18103;1.77
18104;1.76
18106;1.77
18107;1.8
18109;1.27
1811;1.84
18113;1.62
1812;0.74
18123;1.45
18124;2.26
1816;1.29
18207;2.21
18208;1.99
18218;2.49
1822;1.63
18220;4.98
18221;1.35
18222;5.39
18223;1.19
18224;1.38
18225;1.4
18227;1.16
18228;2.23
18230;1.16
18233;2.07
18234;1.57
18235;1.09
18236;0.9
18238;1.13
18239;2.11
1824;1.24
18240;0.82
18241;1.08
18243;1.24
18245;0.89
18246;1.61
18247;2.77
18248;0.98
1825;1.55
18252;0.93
18254;1.9
18255;1.61
18256;2.36
18257;2.37
18259;1.39
1826;0.89
18261;3.84
18262;1.44
18266;0.97
18267;1.07
18268;1.9
1827;0.95
18275;1.01
18277;1.42
18279;1.89
18287;2.53
1829;1.47
183;1.19
1833;0.95
18339;1.99
1834;0.98
1835;0.77
18351;0.88
18356;3.2
1836;0.82
18362;1.4
18363;2.81
18378;2.5
18379;1.84
18381;0.92
18382;1.5
18384;1.39
18385;2.31
18386;1.41
18389;3.58
1839;1.55
18390;1.56
18392;1.18
18393;1.47
18395;2.47
18397;3.07
18398;1.93
18404;3.47
18415;6.1
18437;1.43
18441;1.89
1845;1.63
1846;1.18
1847;1.42
1848;2.52
1849;1.65
185;0.71
1850;0.97
1851;1.4
18521;2.0
18577;3.96
18589;15.21
18590;1.62
18596;1.51
18597;1.46
18598;2.02
18606;2.51
1861;0.22
1864;1.39
18652;1.44
18669;0.86
1867;1.39
18676;1.5
18679;2.62
1870;0.97
1871;2.24
1872;1.38
18720;2.17
18722;4.25
1874;1.41
18740;4.79
18754;2.58
18766;12.95
1878;0.69
1879;0.69
1883;1.09
1884;0.89
1886;0.93
1887;1.59
18870;3.24
1888;0.95
1889;1.26
1893;1.08
1895;1.32
18968;1.19
1897;1.83
18978;2.48
1898;1.35
18983;2.01
18984;2.14
18986;1.11
18988;1.78
18989;1.94
18990;1.76
18993;1.27
18996;1.44
19;0.64
19003;1.59
19008;1.44
1901;1.15
19019;1.33
1902;0.55
19022;1.89
19023;1.41
1903;1.52
19053;6.27
19054;5.97
19055;7.37
1906;1.98
19061;2.04
19066;14.02
1907;2.16
19080;1.11
19081;1.12
1909;0.82
19098;1.28
19099;1.26
191;1.27
1910;0.99
19102;5.07
19103;1.09
19110;1.44
19112;2.62
19116;2.64
1913;0.67
19138;1.38
19140;8.17
19146;1.57
19196;1.77
192;1.17
1920;1.46
19202;0.99
19203;1.81
19207;0.8
19208;1.96
19209;2.15
19210;1.03
19213;0.86
19231;0.82
19233;2.05
19234;2.19
19239;2.0
19240;1.89
19244;5.07
1925;0.7
19255;5.05
19256;5.28
19257;1.89
19258;1.56
19259;0.83
19263;1.33
19275;2.18
19279;1.88
1928;3.36
19284;4.92
19285;0.89
19287;1.39
19291;1.24
19293;1.47
19294;1.61
19296;1.17
19297;1.5
19298;1.27
193;1.09
1930;3.37
19301;1.69
19302;1.2
19303;0.73
19304;0.81
19305;0.76
1931;1.41
19318;1.94
19319;0.59
19320;1.86
19329;1.32
19334;2.57
19336;2.92
19347;2.88
1935;4.22
19353;1.05
19355;1.05
19356;2.0
19364;2.16
19366;1.41
19368;1.38
1937;0.83
19375;1.31
19386;2.58
1939;0.9
19392;3.05
19399;3.14
194;0.59
19404;3.15
19407;1.71
19408;1.99
19416;0.86
19418;0.63
1942;3.36
19420;0.79
19424;0.75
19426;1.02
19427;0.91
1943;2.44
19434;1.43
19435;1.76
19436;1.17
1944;1.7
19441;1.84
19445;1.72
19448;6.12
19459;1.66
19460;4.96
19463;1.32
19465;0.87
19471;2.1
19474;2.65
19475;2.8
19489;2.0
19491;2.02
19493;1.79
19505;1.54
1953;0.8
19532;1.39
19535;2.08
19541;5.91
19542;7.61
1955;0.42
1956;0.8
19566;0.78
19574;0.42
19575;1.25
196;0.69
19601;2.38
19604;1.56
1961;0.87
19611;0.94
1962;1.5
19620;3.38
19623;0.62
19633;0.62
19635;0.63
19643;2.38
19650;1.45
19653;1.27
19658;2.57
19659;3.99
1966;0.8
19660;3.65
19671;2.75
19677;4.6
19684;1.84
19685;2.17
19693;2.79
19698;1.79
197;0.59
19702;0.97
19704;2.05
19719;0.99
1972;2.53
19723;1.32
19730;2.29
19732;1.15
19737;1.96
19742;1.17
19743;1.03
19744;0.99
1975;1.59
19750;1.24
19756;2.97
19758;3.78
19785;2.4
19788;1.77
19796;1.79
19798;1.42
198;0.59
1980;1.59
19801;2.57
19814;2.15
19815;2.15
1983;1.39
1984;1.36
19877;2.24
1989;10.69
19898;2.03
199;1.12
1990;11.31
19901;2.93
19906;4.8
19909;2.98
1991;11.94
19913;1.01
19924;1.55
19933;5.6
19935;5.4
1994;13.54
19940;1.7
19941;1.67
19948;1.62
19949;1.79
1995;14.09
19956;1.92
19957;2.88
19960;2.8
1997;13.07
1998;17.42
1999;11.24
19991;1.91
19993;1.08
20;0.63
200;1.09
2000;15.3
20003;2.5
20008;2.75
2001;18.47
20010;1.98
2002;13.57
20023;1.2
2003;11.25
20032;26.2
20039;1.9
2005;12.51
20050;1.4
20058;1.89
2006;8.29
20064;2.36
20069;0.69
2007;9.83
2008;10.47
20085;1.33
20086;1.17
20087;15.77
2009;6.12
20098;1.24
20099;1.18
20109;10.95
20110;5.1
2012;11.61
20126;2.05
20138;0.79
20139;1.86
2015;11.77
20152;1.27
20172;1.69
20175;1.71
2018;5.68
20180;1.04
2019;1.41
20195;2.6
202;0.47
2020;6.35
2021;6.43
20210;2.37
20214;1.18
20220;1.99
20221;1.75
2023;6.95
20236;15.95
20239;1.75
2024;3.27
20244;5.36
2025;3.7
20253;1.85
20266;1.24
20267;2.1
2027;5.75
20277;4.04
2028;3.27
2029;4.34
20291;1.01
20292;0.79
20293;1.44
203;0.46
20300;1.93
20301;2.13
20306;1.8
20309;1.59
20375;3.65
20376;3.24
20380;4.18
20385;4.57
20397;2.68
20398;3.61
20399;3.55
204;0.39
20413;2.69
20414;1.95
20418;3.36
2044;1.99
20447;1.18
2045;1.99
20455;0.96
20462;2.34
20476;4.45
20479;1.09
20481;1.39
20482;1.09
20483;1.15
20492;3.02
20493;2.87
20496;2.87
205;0.39
20501;1.59
20545;1.02
20547;4.01
20554;2.6
2058;1.99
206;0.39
20603;0.57
20605;1.41
20612;1.55
20627;4.75
20634;2.9
20637;2.56
20638;2.56
20639;2.85
20642;1.06
20646;1.5
20648;0.89
20651;1.09
20652;1.09
20653;1.25
2066;23.5
20665;3.96
20674;2.09
20675;1.74
20683;1.61
20685;1.87
20686;1.49
20692;3.13
20694;2.16
20699;2.19
20700;2.35
20715;0.99
20717;2.41
20718;1.85
2072;23.5
20720;3.28
20721;1.11
20724;5.27
2073;17.13
2074;13.95
20744;1.25
2075;14.55
20753;2.62
20758;1.99
20759;2.7
20760;2.47
2077;2.06
20775;1.34
20776;1.64
20777;3.2
2078;1.9
20789;1.17
2079;1.69
20790;1.57
208;0.62
2082;5.8
20834;5.35
20835;3.85
20840;2.81
20858;3.7
20859;7.15
20862;0.47
20863;1.46
2087;2.4
2088;4.22
2090;3.3
20907;3.71
2092;1.57
2095;1.44
20951;15.37
20986;0.69
20987;7.29
20997;2.98
21;0.95
210;0.46
21017;3.15
21027;0.6
21032;4.04
2104;1.49
21040;23.22
21042;2.58
21054;1.68
21077;4.59
2108;0.9
211;1.01
2110;2.43
2111;1.59
21115;3.22
2112;2.0
2113;3.29
2114;2.3
21218;1.75
21222;2.27
21231;2.82
21232;11.13
21233;3.68
21241;1.5
21244;2.68
21246;2.49
2125;0.95
2126;0.59
21266;1.36
2127;5.99
21271;9.25
2128;1.36
2129;1.03
21309;4.69
21318;3.45
21370;3.21
2139;1.08
2141;1.0
2145;1.68
21485;2.35
21487;4.43
21490;4.07
21495;15.15
21572;1.17
21573;1.68
21584;1.05
21588;1.54
21589;3.25
21590;2.81
21592;5.47
21609;1.61
21610;1.3
21611;1.29
21631;2.44
21635;2.2
2164;1.86
21652;1.9
21655;2.66
21656;1.21
21658;1.8
21659;1.21
2166;1.08
21660;1.21
21662;1.21
21663;1.21
21665;1.94
21676;1.78
21686;2.59
21687;0.85
21688;0.81
2171;6.3
2172;1.13
2175;0.88
2179;1.81
218;1.6
2182;1.61
2183;1.88
2185;1.29
2187;1.05
21877;1.11
2188;1.92
21888;2.56
219;1.16
2192;3.11
2193;1.59
2194;0.9
2195;1.7
2199;4.3
22;1.13
220;1.89
2200;1.35
2201;17.19
2203;2.52
22033;8.3
22034;4.04
22037;1.99
22087;1.62
22103;3.02
2211;0.52
22112;9.38
22115;1.92
22116;0.66
22117;0.99
2212;0.72
22140;1.91
22141;0.83
22142;3.35
22143;3.22
2215;2.48
22167;5.17
2217;4.43
22207;1.81
22212;10.11
22229;1.28
2224;2.02
22263;4.76
2228;7.47
223;2.47
2236;1.58
22361;22.9
22367;2.09
22368;2.09
2237;1.16
22373;1.02
22374;1.66
22377;11.85
2238;2.26
22388;11.95
2239;0.96
22391;3.5
224;0.94
2242;4.37
2244;2.01
2245;3.17
22464;6.67
22477;4.39
22482;6.6
22485;7.87
22487;9.13
22488;9.35
22489;9.18
225;1.17
22506;2.29
22512;0.89
22515;3.18
22517;3.4
22541;2.45
22556;9.99
2257;1.61
22584;9.95
22587;7.49
22588;8.25
22589;2.59
2259;2.98
22594;2.54
22625;4.5
22640;3.95
22653;1.4
22654;6.26
22659;1.72
22660;1.72
22689;1.61
22690;1.5
227;1.1
22754;12.53
22776;5.63
22793;3.15
228;2.15
22802;1.61
22803;1.79
22804;1.13
22805;1.13
22836;26.62
22890;3.56
22891;2.11
22893;1.94
22894;1.23
22895;1.63
22898;3.55
229;1.09
22907;1.15
22909;1.78
22911;1.06
22912;1.14
22913;1.79
2295;3.61
22960;1.06
22961;1.14
22963;1.54
22964;1.54
22967;1.05
22968;1.78
22969;2.49
22972;1.79
22975;2.43
22976;2.47
22977;2.0
22978;4.34
22979;2.01
22989;1.68
22990;1.03
22996;1.65
230;0.67
2302;2.46
2303;2.29
2305;2.54
23084;1.27
23096;5.95
231;0.79
23107;4.09
23131;2.42
23132;0.8
23133;1.17
23150;18.59
23165;15.36
23166;15.36
23168;1.29
23169;2.98
23170;2.16
23173;2.81
23176;1.66
23177;1.88
23179;2.54
23180;2.41
23181;4.99
23182;2.49
23190;1.71
23192;1.61
23199;1.15
23201;6.51
23210;2.51
23212;1.13
23216;0.5
23219;1.07
2322;3.18
23220;1.7
23221;0.99
23223;1.37
23224;1.3
23225;1.95
23226;2.52
23229;0.78
23232;1.25
2324;2.73
23244;1.74
23247;4.49
23248;1.97
23249;2.21
23251;1.49
23252;1.23
23253;1.59
23254;1.77
23255;1.19
23256;1.32
23268;2.14
23271;2.14
23274;2.75
23304;3.43
23327;3.95
23336;0.68
2334;1.76
2335;1.76
2336;3.6
23363;12.21
23365;11.02
2337;2.23
23371;1.41
23372;1.13
23381;6.7
23383;1.79
23387;1.18
2339;2.61
2340;2.35
23404;1.9
23409;4.39
2341;2.5
23410;0.99
23419;1.64
23429;2.87
23430;2.46
23437;0.45
23438;0.52
23439;1.39
23444;0.63
23447;2.5
23448;2.61
23449;1.14
23450;1.65
23452;2.89
23489;2.94
23497;1.41
23502;0.95
23522;2.3
23543;10.08
23546;3.9
23547;1.77
23552;9.47
23553;13.3
23554;3.04
23598;3.68
23618;3.28
23619;1.59
2362;0.79
23623;1.13
23624;1.3
23628;1.94
23630;1.52
23631;2.29
23633;1.16
23636;1.03
23642;3.7
23643;1.65
237;1.96
23713;1.85
23715;2.65
23722;1.89
23728;1.39
23729;0.58
2373;6.9
23735;11.77
23753;1.85
23754;1.3
23759;3.03
23779;1.79
23788;2.83
23794;1.3
23797;1.95
23798;1.32
23799;1.34
238;0.89
23817;2.12
2383;1.88
23833;1.17
2384;1.92
23882;4.63
23883;4.7
23884;2.98
23885;2.99
239;0.91
23936;1.51
23968;1.75
23972;1.64
23973;1.64
23985;5.38
23999;8.59
240;0.94
24024;1.24
24035;1.21
24043;0.79
24047;0.79
24050;0.68
24056;0.79
24081;1.66
24085;2.79
241;0.91
2411;3.55
24131;6.2
24160;1.59
24162;3.25
24163;1.37
24164;1.2
24172;2.54
24187;20.15
24189;14.34
242;1.67
2421;1.62
24288;2.56
24293;2.59
24296;2.12
24301;1.82
2432;0.85
24326;1.26
24350;1.84
24363;1.67
2438;1.28
24383;1.56
2439;1.06
24395;5.95
2440;1.42
24403;11.84
24410;1.4
24413;2.32
24418;1.84
24420;1.65
24435;2.67
24436;2.57
2444;1.44
2446;1.54
24495;3.38
2450;3.61
24500;1.09
24541;3.1
24542;3.1
24545;3.12
2456;1.91
24581;1.51
2459;1.87
24596;1.94
24597;1.94
24620;3.43
24621;3.07
2463;3.16
24649;1.99
24651;7.27
24659;1.85
24665;4.23
24671;1.51
24672;7.56
24674;1.27
24684;1.93
24694;1.3
24695;6.22
24698;2.5
24714;1.17
24724;1.17
24738;1.45
24746;5.56
24748;1.21
24755;1.54
24756;2.99
24757;1.5
24759;1.92
2476;2.25
2477;2.4
2479;3.4
2480;0.84
2484;1.37
24847;2.09
24861;4.77
24864;14.41
24869;4.52
24870;4.35
24879;3.69
2489;2.11
2490;2.4
24921;1.37
2495;2.99
24958;1.5
24961;13.61
24970;2.2
24972;1.68
2498;2.74
24994;3.95
25008;1.26
25010;2.5
25024;2.89
25027;2.71
25028;1.97
2503;1.23
25030;2.8
25031;2.41
25032;13.84
25035;1.53
25037;2.59
2504;1.59
25044;1.48
25047;1.22
25049;3.22
2505;3.02
25051;4.89
25058;3.56
2506;3.47
25061;1.9
25064;2.02
25066;1.66
25067;3.1
25068;1.59
2507;9.6
25080;3.69
2509;1.15
25090;1.41
25093;1.76
25095;1.76
2510;1.49
2511;1.15
25120;2.77
25124;2.68
25125;2.2
25142;3.9
25153;2.34
25164;0.92
25172;3.36
25183;0.85
25186;1.18
25204;1.44
25205;1.34
2522;2.29
25235;2.12
2524;2.12
25246;2.14
2525;3.15
2526;2.39
25299;2.62
2530;1.33
25301;2.86
25303;2.64
2531;1.36
2532;1.02
25335;3.54
25342;4.79
25343;4.64
25361;1.62
25366;1.46
25372;1.45
25386;2.52
25393;1.31
25396;2.62
25401;2.34
25407;1.34
2542;1.34
25422;2.76
25423;2.67
25424;1.17
25426;1.56
25446;8.4
25450;3.35
25463;1.36
25465;4.69
25470;2.05
25472;1.76
25475;2.05
25482;2.15
25485;3.46
25492;1.61
25499;1.5
255;1.51
25500;4.29
25507;1.13
25513;1.47
25514;3.16
25517;3.28
2552;2.58
25524;1.82
25525;2.63
25527;1.64
25538;4.22
25540;2.78
25541;3.19
25552;3.21
25553;3.34
25554;1.47
25567;1.79
25576;1.98
25577;1.04
25586;7.35
25587;4.13
25588;1.93
25595;2.05
25596;2.22
256;1.22
25607;2.58
25609;1.7
25612;5.97
25614;1.57
25619;27.25
2562;2.43
25626;2.36
25628;2.66
25630;1.99
25632;15.62
25655;5.84
25656;4.25
25657;3.78
25661;4.85
25662;2.08
25663;0.99
25667;0.95
25669;2.79
25670;2.79
2568;3.52
25686;1.33
25689;4.7
2570;3.91
2571;3.98
25729;1.85
25732;6.71
25736;0.95
25739;1.52
25741;3.12
25743;2.1
25744;1.99
25749;1.86
25756;2.25
25762;7.55
25764;1.53
25765;1.65
25770;1.43
25772;0.8
25786;1.22
25790;1.69
25792;6.61
25793;10.16
25801;2.0
25802;1.57
25806;2.06
25808;4.67
2581;1.76
25810;1.69
25811;1.67
25812;1.91
25819;2.42
2582;1.76
25820;1.74
25822;1.68
25825;2.79
2583;1.76
25835;1.41
25836;2.53
25837;1.08
25839;1.49
2584;2.18
25841;0.96
25842;16.57
25845;0.72
25848;2.48
25854;3.02
25866;2.12
2587;2.53
25879;4.2
2588;2.36
25894;2.88
259;1.15
25913;1.78
25914;2.15
25925;3.13
25926;2.21
25927;2.29
25928;2.0
2593;1.5
2595;1.74
2596;1.62
26;0.49
26000;1.99
26023;2.89
26024;2.95
26030;0.99
26035;1.59
26036;1.85
26038;0.44
26040;0.44
26041;2.7
26045;5.9
26065;1.82
26070;1.33
26075;8.62
26077;2.88
26081;2.0
26087;2.37
26098;4.7
2612;4.32
26127;1.96
2613;4.8
2614;3.46
2615;4.26
26156;1.84
2616;5.4
26160;2.37
2617;4.17
2618;9.48
26183;1.4
26184;1.45
26185;1.69
2619;5.22
26196;1.94
26198;4.26
262;1.22
2620;0.97
26216;1.92
26223;1.48
2623;1.6
26237;5.1
26250;5.5
26258;2.0
26266;1.49
26271;1.9
26278;1.55
26279;1.51
26281;1.69
26286;1.14
26288;1.99
26291;0.56
26309;7.14
26310;1.98
26320;0.84
26323;3.25
26334;1.52
2638;2.22
26398;0.84
26443;5.64
26449;2.65
26457;3.02
26469;3.23
26471;2.59
26473;0.99
26480;15.87
26484;9.25
2649;1.5
26493;1.28
2650;16.4
2651;7.22
2652;7.25
26565;9.12
26569;6.39
26586;1.99
26608;2.15
26639;0.79
26646;19.95
26648;0.84
26649;0.79
26650;1.32
26651;0.77
26652;0.9
26653;1.83
26654;1.31
26658;1.87
26659;2.2
26660;1.28
26661;1.26
26663;2.03
26678;2.59
26679;2.68
26681;2.96
26697;2.29
267;1.33
26708;0.8
26710;1.36
26713;1.59
26722;2.69
26732;1.98
26733;2.5
26765;1.24
26797;0.77
26818;2.49
26819;9.22
2682;10.3
26820;8.44
26828;1.64
26829;1.55
2683;14.63
26832;1.46
26833;1.18
2684;2.48
26840;4.5
2685;26.5
26862;1.5
26877;0.63
26899;5.41
26926;21.78
26944;4.6
26945;2.1
26978;2.0
26979;1.71
26980;1.68
26982;1.35
26983;1.37
26984;1.58
26998;4.52
27;0.42
270;1.16
27009;12.0
27026;13.76
27035;2.97
27037;2.11
27038;6.56
27044;1.25
27045;1.11
27051;9.67
27055;2.45
27057;5.42
27058;4.5
27060;2.71
27061;5.43
27069;2.3
27086;3.02
27087;3.11
27088;2.21
27091;0.69
27093;0.88
27095;1.45
27096;1.14
27098;2.27
27099;3.03
27106;5.39
27113;3.18
27114;2.74
27120;2.13
27121;0.7
27123;1.41
27127;0.48
27149;1.67
27157;1.09
27158;2.88
27162;0.91
27172;2.16
27178;1.51
27214;2.15
2722;1.76
27228;10.15
27229;9.8
27230;9.8
27318;2.39
27338;1.63
2734;0.9
27358;14.03
27360;8.13
27361;13.42
27362;10.01
2737;1.99
27372;1.4
2738;2.86
27380;2.49
27384;5.49
274;1.6
27407;2.62
2742;3.11
2743;2.35
27431;2.3
27432;2.95
27434;2.2
27454;1.29
2749;6.12
27493;7.79
2750;4.8
2751;8.16
27523;2.16
27524;2.17
27531;4.97
27532;2.99
27552;2.65
27561;2.95
27563;1.78
27564;1.29
27576;1.78
2759;7.59
276;1.93
2760;5.33
27637;2.04
27705;1.7
27709;0.79
27721;1.47
2774;1.9
2776;2.14
2777;1.98
2779;11.81
278;1.41
27834;3.3
27836;3.43
2791;2.23
27925;4.8
27941;0.92
27945;1.19
27961;3.84
27967;1.53
27976;1.74
27977;1.62
2798;4.25
2799;2.42
28;0.8
28021;1.27
28023;1.73
28028;17.15
2803;0.39
28054;1.62
28055;1.61
28061;1.97
28062;1.81
28064;1.56
28065;1.99
28066;1.64
28067;1.99
28068;1.2
28076;4.8
28078;1.86
28081;0.66
28083;0.9
28088;1.4
28089;1.41
28090;1.42
28099;2.09
28104;1.99
2813;2.35
2814;2.23
28191;3.02
282;2.11
28203;1.56
28209;1.93
28211;1.87
28212;2.26
28213;7.15
28216;2.99
28217;1.36
28219;4.99
28226;1.45
28227;0.9
28228;1.53
2823;1.33
28241;1.3
2825;1.48
28268;1.05
28270;6.29
28273;1.76
28274;1.76
28278;3.89
28280;0.99
28281;1.0
28293;1.65
28296;5.06
28297;2.8
28298;3.34
283;1.44
28311;30.2
28323;0.78
2833;1.79
2835;1.95
28383;4.61
284;0.72
28402;2.99
28415;2.46
28419;2.48
28422;5.93
28423;2.81
28444;2.34
28490;6.23
28495;1.76
28515;1.2
28517;2.3
28557;1.76
28562;3.89
28576;8.43
2865;2.19
28706;1.9
28709;1.9
28710;2.45
28713;4.61
28715;2.54
28716;3.11
2872;2.29
28724;1.67
28725;1.12
28727;11.52
28729;3.1
2873;1.59
28730;2.32
28737;1.59
288;0.79
28809;0.71
28827;2.12
28828;0.99
28832;1.13
28856;0.98
28857;1.56
28860;1.23
28861;1.32
28864;2.25
28865;2.69
28866;2.35
28868;2.99
28869;2.6
28872;2.25
28873;3.19
28874;2.99
28882;1.5
289;0.88
28909;6.74
28927;1.77
28930;1.08
28932;1.43
28933;0.96
28936;2.44
28941;1.76
28953;2.32
2896;2.49
28966;8.41
2897;1.44
28970;4.49
28980;1.39
2899;0.69
28999;1.66
29;0.55
290;0.67
2900;0.89
29000;2.41
2902;0.99
29024;2.34
29044;1.32
29045;2.32
29047;2.51
29048;1.57
29082;4.94
29114;3.43
29115;3.31
29116;1.99
29117;1.99
29119;1.46
29129;1.89
29133;2.31
29134;0.96
29174;1.2
29183;2.99
292;1.11
2921;2.29
2929;1.45
2930;1.15
2931;1.32
2932;1.83
29354;2.42
29358;1.61
29360;20.45
29361;2.65
29362;4.13
29364;2.09
29365;6.86
29367;2.03
29369;9.95
29370;5.49
29376;4.95
29378;13.95
2938;1.0
2939;1.67
29396;0.96
29398;2.8
29442;7.15
29492;7.55
29493;1.67
2950;1.15
2951;1.76
29512;3.86
29518;1.74
2952;5.25
29535;1.37
296;1.58
2964;1.91
29647;3.86
2968;1.68
2969;1.16
297;1.45
29701;1.08
2971;0.73
29724;3.29
2973;0.78
29746;0.99
29753;0.53
29754;0.57
29758;13.1
29759;3.69
29764;1.49
29765;0.77
29766;2.86
29767;0.78
2977;1.19
29771;0.52
29773;2.25
29776;0.7
29778;16.32
29793;1.32
29794;2.0
29795;1.85
298;1.02
29802;1.84
29811;1.88
29816;2.03
29824;6.26
29836;4.79
29840;1.16
29841;0.93
29845;2.68
29850;1.8
29851;3.18
29854;2.02
29855;2.02
29856;0.96
29859;1.88
29861;1.67
29862;3.29
29864;1.36
29865;1.36
29866;2.63
29869;1.99
29871;2.99
29872;1.62
29874;2.0
29896;5.62
29897;6.15
29900;2.0
29910;1.75
29911;1.16
29915;1.15
29923;2.3
29927;3.1
3;0.59
30;0.83
300;0.76
3000;1.64
30029;4.01
30030;1.65
30035;5.15
30042;0.74
30043;0.85
30051;3.0
30053;3.6
30055;1.79
30056;3.29
30058;1.9
30059;2.46
30062;2.36
30065;2.19
30067;1.3
30089;1.36
30091;1.45
30094;1.87
30098;3.65
30099;0.97
301;0.65
3010;1.26
3011;1.22
30110;2.37
30112;3.93
30117;3.1
3012;2.24
30121;4.47
30122;1.5
30124;1.19
30125;1.63
30128;4.23
3013;0.98
3014;1.65
30144;16.27
30147;20.66
30150;1.05
30153;2.81
30154;1.14
30185;3.74
30186;4.99
30188;5.19
30189;0.89
30193;13.67
30195;9.68
3020;1.12
30205;0.73
30212;0.69
30213;1.35
30244;8.22
30245;8.2
30250;2.95
30252;2.78
30254;0.99
30272;15.8
3029;2.16
3033;1.26
3034;1.24
30348;1.38
30349;1.89
30350;1.86
30354;0.61
30358;2.56
30362;1.36
30388;7.07
30389;3.65
30393;2.09
30394;2.33
30395;8.33
304;0.81
3040;2.0
30402;1.23
30403;1.5
30405;2.71
30407;1.41
30408;1.99
30409;1.81
3041;2.01
30411;1.17
30412;1.22
30413;7.27
30414;7.01
30415;9.48
30416;4.72
30420;2.28
30462;3.02
30477;1.82
3050;0.98
30519;1.71
3052;1.82
30520;2.38
30529;1.75
30530;2.59
3055;2.19
3056;1.45
30562;2.51
30566;1.46
30570;0.58
30572;1.85
30573;3.3
30575;3.46
30576;1.15
30577;1.49
30578;1.17
30585;2.99
30587;1.54
30592;1.64
30598;1.05
30600;2.42
30607;2.41
3061;1.89
30619;4.29
3062;1.41
30625;1.91
3064;0.97
30640;1.75
30643;1.16
30645;1.38
30649;1.55
30656;1.79
30658;1.24
30659;7.09
3066;2.1
30673;1.38
30681;1.44
30685;1.53
30691;3.6
30693;3.48
30695;1.23
30697;3.0
3070;1.34
30710;6.5
30715;2.26
30717;6.64
3072;1.19
30722;6.65
30724;7.18
30729;2.48
3073;1.58
30730;3.6
30731;1.59
30732;1.68
30733;1.42
30734;2.42
30735;6.82
30736;3.99
30737;2.29
30739;3.81
30740;3.94
30742;2.99
30744;1.2
30747;6.39
30748;1.57
30752;1.9
30757;5.94
30758;1.25
30764;2.12
30765;3.12
30768;0.9
30771;10.05
30783;1.95
30784;1.99
30795;5.13
30806;1.2
30807;2.62
30810;2.32
30811;2.17
30813;2.77
30814;0.35
30817;6.11
30820;3.09
30821;2.84
30830;2.0
30850;1.4
30856;1.92
30863;1.49
30870;1.85
30875;8.9
30879;4.5
30881;2.12
30883;1.72
30898;3.07
30899;2.29
30900;2.62
30901;2.35
30905;2.52
30906;1.79
3091;4.45
30910;3.79
30913;3.48
30914;3.68
30915;3.53
30917;4.05
30924;2.63
30925;21.14
30926;6.1
30928;1.88
30929;1.21
3093;1.41
3094;1.38
30941;1.69
30942;1.98
30947;1.08
30949;1.64
30953;1.07
30969;2.78
3098;2.64
30989;1.87
3099;1.87
30990;1.82
30991;1.75
30992;3.98
310;0.88
3100;0.96
3101;1.17
31013;1.69
31018;0.99
31021;1.99
31022;1.6
31023;2.44
31027;2.95
31029;1.49
3103;1.62
31042;2.82
31043;1.7
31046;0.5
31050;1.15
31054;1.61
31059;1.19
3106;0.9
31062;1.6
31063;0.87
31065;1.98
31068;1.21
31069;1.31
3107;1.38
31070;4.25
3108;1.48
31082;2.5
31086;3.37
31095;1.18
31096;2.97
31097;0.81
3110;1.86
31101;1.07
31102;2.84
31103;1.02
31105;0.74
31113;1.07
31114;1.73
31116;1.47
31119;0.92
3113;1.32
31135;1.6
31139;1.15
3114;1.34
31143;1.2
31146;1.85
31149;1.29
31153;1.19
31155;1.59
31156;1.52
31157;2.78
31166;1.0
31168;2.99
3117;1.32
31171;1.46
31174;1.16
31185;3.58
31193;0.76
31196;1.32
31198;4.25
31199;7.34
31200;13.31
31206;4.23
31223;2.5
3123;1.99
31265;0.92
31267;0.94
31289;1.59
31297;1.82
313;0.61
31301;5.57
31320;4.89
31381;2.83
31386;2.08
31389;3.49
3139;1.31
314;0.85
3144;1.1
31441;2.16
31442;1.95
31443;1.27
31444;4.6
31446;2.6
31447;1.48
31453;9.05
31455;2.78
31456;2.69
31458;0.38
3147;1.64
3148;1.15
315;0.89
3151;0.95
3152;2.4
31526;0.89
3153;1.34
3156;2.32
3158;4.39
316;0.61
3162;1.62
31641;1.16
31652;1.85
31658;2.82
31659;2.63
3166;2.42
31660;2.61
31662;2.92
31680;0.82
31682;1.08
31700;0.84
31707;1.1
31708;1.44
31709;2.6
3171;1.68
31715;1.99
31726;1.47
31727;1.46
31728;1.51
31729;0.89
31730;0.99
31731;0.85
31732;1.92
31733;1.39
31735;1.12
31736;1.69
31737;1.85
3174;2.0
31750;6.14
31775;13.89
31776;13.64
31777;11.04
31778;13.99
31779;2.81
31784;3.06
31792;2.69
31794;2.87
31795;3.11
3180;1.27
31814;1.34
31830;3.01
31848;4.29
31849;2.22
3185;2.65
31851;2.41
31853;1.59
3186;1.79
31899;3.3
319;1.61
31915;0.93
31918;1.52
3192;2.66
31920;1.29
31923;1.81
31924;1.2
31926;2.63
31927;2.44
3193;1.91
31932;3.61
31933;1.7
31934;1.2
31935;1.17
31936;1.2
31937;1.7
31938;4.43
31941;10.5
3195;0.76
31963;2.85
31964;1.43
31965;1.71
31966;2.14
31967;0.99
31968;4.85
31970;3.4
31976;2.39
31981;5.75
31982;5.74
31983;2.07
31985;5.76
31988;0.96
31990;2.47
32;1.91
3200;0.92
3205;2.31
32050;14.4
32054;1.41
32058;2.01
32059;3.29
3206;1.24
32064;1.56
32065;10.78
3207;1.56
3208;1.19
3209;1.43
32098;1.22
32103;1.64
32104;1.59
3211;1.7
3212;1.7
32123;3.49
32129;11.95
32134;13.75
32149;3.38
3215;1.22
32153;0.6
32162;2.75
3217;0.93
32181;2.46
32182;2.46
32183;11.9
32186;10.93
322;2.22
3220;1.48
32202;11.71
3221;1.76
3224;1.17
32244;20.8
3225;1.34
32255;1.52
32258;5.79
3226;1.05
32261;1.26
32266;2.26
32267;2.2
32268;1.46
32269;2.37
32270;1.05
32271;0.97
32286;0.96
32291;1.99
32293;1.19
32297;1.19
323;1.16
32301;1.05
32304;3.33
32305;3.61
32316;11.86
32319;1.95
32320;17.99
32322;4.95
32326;1.49
32335;1.56
32339;2.26
32352;2.07
32357;2.26
32371;2.61
32372;2.78
32373;2.81
32385;6.34
32386;1.5
32387;0.7
32389;2.3
3239;0.94
324;1.35
3240;1.19
32408;1.1
32422;2.24
32470;2.37
32478;3.02
32479;9.5
32480;8.59
32493;4.95
32496;7.38
32497;3.03
32499;3.62
325;0.56
32520;0.65
3253;12.95
32546;1.88
32550;1.59
32555;2.11
32556;2.34
32557;2.21
32558;2.24
32560;3.48
32577;2.69
3258;1.48
3260;13.51
3262;1.08
32626;1.5
3263;1.97
32663;1.19
32670;1.44
32671;1.3
32672;1.29
32673;1.28
3269;1.29
32690;2.48
327;0.69
3270;2.9
3271;0.95
3272;2.99
32724;1.21
3273;1.78
32741;11.05
3276;2.17
32765;1.02
3277;1.02
32772;6.09
32786;1.29
32789;1.03
328;0.69
3281;1.4
32814;1.15
32818;13.83
3282;1.16
32829;3.99
3285;1.29
32877;1.79
32878;3.78
329;1.1
32904;8.58
3292;0.49
32948;1.39
32949;1.28
32969;1.4
32970;1.7
32971;1.63
32972;3.06
32973;2.49
32975;3.79
32981;0.96
32982;0.99
33;0.99
33017;3.54
33018;1.68
33019;1.72
33027;2.75
33036;1.41
33037;0.79
33047;17.95
3305;0.74
33059;2.89
33063;3.33
33066;1.43
33083;3.65
33084;4.59
3309;1.06
33097;4.35
33098;3.42
3310;1.52
3311;1.07
33152;2.39
3316;1.53
33197;2.31
3320;1.49
33206;3.19
33208;1.69
33209;1.69
33210;1.69
33215;4.65
3322;1.44
3323;1.98
33230;10.32
33233;4.76
33234;10.88
3324;1.34
3325;1.35
33262;1.91
33263;5.25
33264;4.29
33266;1.96
33269;2.37
33271;2.07
33274;1.17
33276;3.96
33277;1.98
33282;3.24
33287;0.83
33289;1.1
33299;2.03
33302;0.85
33304;1.61
33306;1.69
33307;0.7
33309;0.85
33334;1.94
33335;2.94
33336;2.91
3334;1.22
3338;0.99
3339;1.02
33397;2.95
33408;15.36
3341;4.32
3343;10.1
3344;1.67
3345;1.64
335;1.68
33503;3.41
3355;2.21
3356;1.14
3357;1.03
3359;0.91
33593;1.77
33594;0.95
33595;0.74
33596;0.84
33597;0.63
33600;0.69
33601;0.65
33618;2.69
3363;1.2
3364;1.2
3365;1.22
33667;4.55
33670;2.39
33672;2.99
33680;12.92
3369;2.27
3371;3.92
3372;1.8
3373;1.78
33749;12.13
3375;1.39
3376;2.94
33773;1.59
33783;6.25
33792;2.68
33794;0.82
33800;2.92
33801;2.23
33802;3.48
33804;1.52
33805;1.06
33807;6.36
33808;7.35
33809;5.14
33812;4.95
33815;21.12
33816;12.89
33817;2.35
33820;0.85
33847;1.99
33848;1.98
33849;1.6
33850;2.19
33852;2.9
33856;1.65
33857;1.8
3387;1.79
33881;2.23
33882;1.0
33885;0.95
33886;1.13
33889;0.78
33890;2.04
33891;2.02
33892;1.82
33893;0.79
33913;0.83
33914;2.37
33915;1.73
33916;1.06
33917;1.49
33918;0.81
3392;1.29
33921;2.0
33924;0.66
33929;3.48
3393;1.27
3395;0.65
3396;0.75
3397;1.83
33970;3.75
33979;1.9
3398;1.45
33988;1.6
33989;1.57
3399;2.38
34;1.15
3400;2.59
34003;2.31
34004;2.59
34007;2.0
3401;1.19
3405;1.69
34106;2.09
34107;1.99
3412;1.78
3413;1.86
3414;1.69
3415;2.05
3416;1.13
34167;6.79
34168;7.22
34169;8.5
34171;8.73
34174;2.52
34175;1.98
34176;2.11
34177;1.95
34179;1.95
34188;8.9
34198;2.99
34203;3.02
3424;3.99
34241;1.89
3428;3.43
3429;2.22
34326;1.39
34327;1.39
34332;13.45
34333;2.49
34345;3.78
34347;3.23
34350;2.4
34351;1.83
34352;1.65
34355;5.41
34356;6.75
34358;8.49
34361;1.07
34362;1.07
34365;2.39
34406;2.44
3441;4.93
34444;2.7
34449;1.27
34450;1.29
345;0.66
34500;2.79
34519;2.3
3455;2.02
34561;7.31
3457;0.87
34571;4.63
3459;1.58
3462;0.42
34634;24.95
34638;6.96
34639;6.74
34648;1.36
34658;1.95
34660;2.19
34670;1.39
34671;0.79
34672;1.99
34685;5.2
34693;1.79
34694;1.78
34763;9.83
34766;3.63
3481;1.28
34841;1.35
34844;0.96
34845;3.24
349;0.67
34902;4.65
34903;8.13
34906;5.34
34915;1.28
34919;1.79
34921;6.74
34928;2.84
34937;2.49
34938;3.74
34939;2.43
34940;1.3
34941;1.69
34943;1.81
34944;2.28
34946;1.94
34952;2.5
34971;1.7
34983;2.85
34986;2.14
34988;7.51
34992;3.64
34999;1.51
35;1.36
350;0.65
35001;2.56
35003;1.58
35006;4.7
35008;3.55
35010;2.84
35018;1.69
35021;1.7
35024;2.03
35025;2.25
35027;2.48
35032;1.75
35034;1.94
35035;2.29
35039;2.66
35045;1.11
35046;4.98
35061;1.48
35065;0.79
35067;1.69
3508;1.32
35117;3.02
35118;3.05
35122;1.25
35127;1.55
35128;1.65
3514;0.8
35146;1.29
35147;1.37
35148;1.37
35149;1.3
35150;2.29
35153;1.16
35155;1.16
35159;1.0
35160;2.97
35165;6.55
35173;1.64
35174;1.77
35177;1.42
35180;1.71
35181;2.04
35185;1.12
35186;1.09
3519;2.19
35193;1.95
35194;4.55
352;0.62
3520;2.38
3522;1.13
35241;2.47
35244;2.19
35245;2.31
3525;1.33
35260;2.57
35263;2.49
35274;1.12
35275;2.55
35283;1.98
35285;1.59
35300;2.38
35308;1.76
35309;1.87
35315;14.31
35317;16.3
35318;1.83
35327;5.14
35329;1.13
35330;2.69
35333;4.6
35336;1.96
35341;1.58
35344;1.66
35350;7.01
35352;2.53
35354;4.62
35358;8.48
35359;3.58
35363;10.94
35364;2.7
35372;1.67
35376;2.21
35377;1.94
35378;13.12
35388;2.46
35390;2.47
35394;2.69
35396;7.41
35398;4.23
35406;0.84
35407;3.08
35414;12.67
35418;2.5
35419;2.7
35420;1.38
35422;5.52
35423;5.4
35424;5.12
35426;2.48
35429;6.81
35433;1.86
35436;8.63
35437;3.64
35442;2.01
35443;2.48
35447;6.19
35448;6.19
35449;3.24
35450;2.94
35455;1.79
35456;3.33
35461;4.89
35465;2.24
35470;2.96
35471;3.06
35479;2.43
35480;3.36
35481;2.31
3549;2.73
35490;2.13
35498;3.9
35503;2.46
35515;1.16
35519;5.12
35528;8.89
3553;25.13
35537;0.65
3554;26.72
35540;1.87
3558;2.48
3559;2.7
3564;4.14
35646;0.62
35647;2.77
3567;5.95
35672;6.85
3570;2.24
3571;1.65
35714;1.4
35716;1.59
35719;5.28
35720;5.24
35721;7.97
35722;6.17
35727;1.28
35728;1.17
35729;2.46
35730;1.39
35731;1.6
35735;1.01
35736;3.27
3575;3.79
35756;1.93
3576;3.99
35760;4.02
35761;4.02
35764;2.09
35766;1.83
35767;2.21
35770;1.9
35773;12.06
35774;14.48
35788;4.1
3579;0.7
35790;1.1
35791;3.79
35794;2.83
35795;1.49
3580;2.11
3581;1.84
35811;5.19
35812;6.27
35815;1.71
35816;1.86
35818;12.49
35819;15.82
3582;1.26
35820;1.38
35822;2.15
35825;1.93
3583;1.33
35830;2.81
35833;1.19
35838;0.89
3584;1.05
35840;1.04
35848;1.19
35850;2.29
3587;3.33
3588;2.33
35884;5.18
3589;2.06
3590;2.06
35906;1.5
35907;1.84
35908;1.25
35909;0.9
35910;2.62
35912;3.19
35918;1.18
35919;1.86
35922;1.06
35924;3.95
35927;4.49
35929;13.45
35930;2.99
35934;2.61
35971;7.69
35978;4.29
35984;1.72
35985;1.91
35986;10.52
3599;2.58
35992;14.29
35993;3.24
35994;2.95
35995;2.15
3600;1.8
36034;2.74
36036;9.38
36037;2.72
36038;0.25
36039;1.38
3604;1.12
36040;1.79
36041;2.71
36059;3.33
3609;1.61
361;1.19
3610;1.24
36104;1.54
36116;2.94
36124;0.88
36125;0.59
36132;0.6
3616;1.34
3617;0.85
36192;2.04
36194;1.61
36195;3.19
36198;2.7
362;1.46
36256;6.99
36268;0.73
36269;0.73
36270;0.61
36271;1.79
36273;1.79
36274;1.79
363;0.94
3630;2.25
36300;3.02
36301;3.05
36308;1.15
36309;1.15
36310;1.15
36311;1.15
36312;1.15
36313;1.15
36314;1.15
36317;1.65
3633;5.63
36347;1.15
36348;3.08
36354;2.2
36355;0.9
36356;1.04
36357;3.07
36358;3.07
36362;0.85
36394;2.34
36395;1.84
36396;1.41
36397;1.59
36398;1.15
364;1.28
36400;3.07
36401;3.99
36402;3.35
36403;3.54
36404;3.5
36412;2.73
36414;1.37
36415;1.25
36416;0.88
36417;1.45
36418;1.09
36419;0.8
36424;1.7
3643;9.91
36437;1.36
36438;1.41
36445;1.59
36454;0.89
3647;2.02
36476;2.08
36477;2.09
36479;3.48
36480;3.66
36481;3.66
36482;3.66
36496;3.5
36497;3.95
36504;2.58
3651;4.53
36515;1.78
36516;1.72
36534;6.72
3658;3.21
3660;3.05
36632;1.99
36634;1.97
36635;3.17
36636;3.28
36637;3.38
36651;1.61
36655;8.24
36656;1.29
36658;1.24
36662;8.7
36666;5.89
36667;4.99
36682;2.23
367;1.91
36701;1.55
36702;1.51
36704;0.74
36705;2.12
36706;2.48
36711;1.33
36718;1.48
36720;0.61
36721;2.27
36726;1.63
36756;0.79
36760;3.15
36762;4.15
368;3.03
3680;3.1
36809;3.05
3681;10.83
36810;3.83
36811;2.45
36812;2.97
36813;2.62
36814;2.65
36817;2.02
36818;2.0
36819;3.51
3682;1.57
36821;1.6
36825;2.24
36831;1.23
36832;1.29
36835;1.57
36836;1.19
36837;1.31
3684;2.61
36844;1.4
36845;1.21
36846;1.7
36849;3.7
36854;2.95
36855;2.94
36860;2.7
36861;1.6
36862;2.5
36863;2.3
36864;1.45
36870;4.1
36872;2.01
36879;1.93
3688;2.08
36880;2.16
36886;5.36
36890;7.61
369;1.38
36916;2.82
36919;1.99
36920;1.25
3694;0.79
3699;2.89
37;0.66
3700;2.32
37025;3.79
37027;1.81
37031;9.84
37032;5.45
37033;2.45
37049;1.14
37051;4.1
37052;7.48
37058;4.99
37059;6.4
37060;4.18
37062;9.06
37063;9.11
3709;1.64
37106;1.09
37107;1.2
37110;1.91
37111;1.92
37112;1.9
37113;2.14
37114;1.92
37115;1.99
3712;2.02
37126;3.1
3713;3.34
3714;1.32
37149;1.19
3715;2.06
3716;1.74
3717;2.21
3719;3.82
372;1.3
37219;0.95
37222;1.38
37223;1.29
37227;2.16
37255;2.52
3726;1.32
37262;1.4
37272;6.78
37278;1.47
3728;1.28
37281;1.21
37283;1.71
37284;2.0
37286;3.89
37289;1.39
3729;1.33
3730;1.32
37303;5.75
3731;1.32
37317;1.96
37319;0.6
37323;3.12
3733;1.34
37364;1.99
3739;2.58
37398;2.81
3740;1.32
37403;4.28
37404;1.62
37405;1.49
3741;1.23
37417;2.23
37423;17.13
37429;5.33
3743;1.65
37430;1.95
37431;1.89
37432;2.07
37433;2.8
37434;1.89
37435;2.99
37436;1.91
37437;1.59
37438;1.15
37445;0.82
37446;0.72
37449;4.03
37452;1.43
37457;1.17
37458;2.18
37459;2.18
37466;3.14
37467;0.95
37479;1.38
3748;0.65
37485;2.9
37487;3.2
37488;3.2
37489;3.2
37490;3.2
37491;3.25
375;1.23
37537;1.39
3754;0.72
3755;1.14
37552;3.25
3756;1.23
37593;0.78
37594;0.81
37595;0.79
37596;0.8
37605;1.19
3769;1.44
377;1.42
37712;2.36
3773;1.99
3775;3.2
37767;5.89
3777;1.57
37771;3.03
37773;3.06
37774;6.69
37775;3.5
37778;1.89
378;1.32
37801;2.01
37804;1.05
37805;1.67
37806;0.79
3783;12.28
37839;2.22
3784;4.49
37840;2.24
37842;1.1
37843;2.51
37846;6.94
3785;4.8
3786;4.71
37861;2.8
37862;6.0
37863;2.05
37864;4.33
37865;2.5
3787;6.95
37885;1.31
379;1.2
3794;2.34
3795;3.1
3796;1.31
3797;3.26
3799;1.15
37996;2.75
37997;3.12
37998;1.75
37999;1.01
3800;1.15
38000;2.49
38001;1.42
38011;1.99
38022;1.16
38027;2.62
38035;1.25
38086;5.8
38091;12.5
38092;7.99
381;1.1
3810;2.05
38100;2.16
38124;7.9
38125;7.9
382;0.97
38220;2.63
38226;4.76
38228;1.95
38232;1.04
38234;1.8
38235;1.81
38236;1.8
38238;1.81
38239;1.84
38297;2.94
38298;3.04
383;0.75
3830;1.33
38304;1.79
38311;1.53
38312;1.6
38322;5.65
38336;1.89
38337;3.5
38373;2.45
38374;1.61
38379;1.16
384;1.02
3844;3.08
38510;1.47
38513;5.7
38519;1.57
38524;1.54
38525;1.24
38526;2.28
38527;1.22
38528;2.25
38543;2.06
38561;3.35
38562;3.3
38563;3.33
38607;4.33
38618;1.15
3862;1.68
38627;2.49
38635;1.9
3864;0.99
38668;1.67
38671;5.5
3870;0.96
38705;3.9
3871;1.51
38711;2.97
38724;2.39
38735;1.2
38756;2.22
38757;2.26
38760;1.0
38762;1.0
38764;2.16
38765;0.94
38773;2.18
38780;1.29
38781;1.1
38782;2.68
38785;2.54
38786;13.19
38787;13.19
38788;2.31
38799;2.99
388;0.67
38800;2.99
38801;1.26
38802;1.52
38803;1.26
38804;1.48
38805;1.55
38806;11.97
38807;15.28
38812;1.18
38854;2.39
38857;1.72
38868;0.92
38869;0.56
3892;2.69
3893;4.7
38942;1.63
38945;1.17
38949;0.87
38950;3.55
38982;3.25
38983;3.23
38985;1.89
38987;10.5
39;0.98
39039;10.78
39051;4.5
39058;1.58
39059;1.72
39060;2.04
39066;4.72
39067;6.9
39068;4.73
39069;2.99
39107;1.2
39108;1.89
39122;2.4
39145;1.53
39155;1.25
39172;3.9
39182;1.99
39184;7.27
392;1.36
39223;12.0
39233;6.15
3925;2.94
39253;7.03
39265;3.7
39266;4.35
39267;2.99
39268;3.35
39328;4.51
39330;9.75
39331;1.27
39332;1.27
39334;2.58
39335;2.43
39336;2.0
39338;1.33
39339;1.13
39376;2.28
39381;2.08
39389;2.1
39393;0.99
39394;5.28
39395;5.28
39402;2.22
39417;1.72
39418;1.56
39420;1.33
39439;1.31
3944;2.1
39448;10.2
39453;3.95
3946;0.67
39471;1.85
39472;1.87
39473;1.49
39475;1.75
3948;1.33
39480;1.15
39482;1.54
39483;1.57
39485;1.9
39490;2.69
39491;4.45
39496;1.07
39497;1.21
39498;1.2
39502;1.39
39503;1.59
39507;0.92
3951;0.65
39513;1.99
39516;2.52
39517;2.08
39521;0.73
39525;1.54
39527;1.72
39532;1.9
39534;1.8
39535;5.01
39537;1.47
39539;1.59
3954;1.2
39542;1.68
39543;1.45
39544;0.81
39546;15.69
3955;0.95
39558;2.8
39560;1.53
39562;2.6
39569;2.49
3957;2.08
39570;2.61
39572;0.95
39573;2.23
3960;1.35
39615;2.12
39619;2.36
3964;2.23
39651;0.53
39653;13.14
39664;28.08
39666;22.05
39667;30.53
39669;13.14
39686;4.59
39727;2.41
39748;0.98
39751;1.85
39752;1.49
39763;1.75
39764;0.98
39768;1.99
39769;1.59
39772;0.8
39778;11.5
39783;11.83
3980;1.37
39801;1.59
3983;1.35
39856;1.99
39857;2.87
39870;2.09
39871;1.99
39886;2.88
39888;0.62
39889;2.67
3989;0.86
39894;2.57
399;2.85
3991;1.84
39912;2.11
39914;1.43
3992;2.31
39923;14.95
39930;3.99
39934;1.75
39937;1.39
3994;2.57
39941;3.37
39943;3.33
39944;6.36
39945;6.36
39947;8.7
39950;1.99
39951;0.93
39952;1.9
39953;1.71
39954;1.76
39955;2.2
39956;2.41
3996;2.28
39964;2.39
39965;1.28
39967;3.43
39969;1.91
3997;2.61
39970;1.39
39971;1.07
39972;0.97
39973;2.53
39974;2.65
39975;8.79
39976;10.19
39977;11.97
39978;13.14
3998;0.84
39980;1.3
39981;2.7
39982;2.89
39983;12.41
39985;2.48
39986;1.72
39988;1.19
39989;0.64
3999;1.22
39992;1.2
39993;1.2
39994;1.2
39995;0.44
4;0.87
40;2.69
400;1.54
4000;4.19
40004;1.71
4001;2.17
40031;6.76
40046;1.6
40051;1.28
4007;0.99
4008;1.1
40084;1.97
40086;3.3
40089;1.19
4009;0.98
40090;1.73
40091;7.72
40098;1.37
401;3.7
40102;0.77
40107;1.62
40108;1.42
40121;3.69
40122;4.5
4013;2.7
40133;1.37
40134;2.4
40135;0.96
40137;1.92
40138;1.09
4014;2.19
40140;1.8
40142;3.22
40199;1.97
402;3.59
4021;0.81
40211;9.01
40213;14.99
40215;2.74
4022;4.33
4024;0.89
4025;0.79
4026;2.99
40266;10.05
40275;2.24
40276;1.88
40277;2.25
40278;2.18
4028;3.29
40303;1.87
40311;0.95
40313;1.58
40320;0.69
40321;1.35
40323;2.45
40324;1.28
4033;2.2
40330;1.24
40335;1.55
40336;9.06
40354;13.62
40411;1.76
40412;1.46
40413;1.14
40417;3.1
40420;2.82
40428;1.32
40430;1.81
40436;17.78
40437;14.77
40438;2.34
40485;1.95
40488;1.75
40490;2.27
40491;2.29
40494;2.48
405;5.59
40516;3.81
40519;4.91
40522;2.4
40540;11.9
40542;33.9
40548;13.2
40549;12.9
40567;1.4
40568;1.49
40573;1.93
40574;1.83
406;1.95
40610;1.3
40612;2.56
40626;3.6
40627;3.75
40628;4.2
4063;1.69
40631;0.58
40647;6.9
40649;1.92
40656;1.95
40657;2.32
40658;2.32
4066;23.1
40666;2.37
40667;2.73
40669;1.62
40676;2.28
40678;3.74
40679;9.28
407;3.92
40708;12.75
40741;3.9
40744;1.05
40750;4.76
40774;1.28
40776;3.48
40780;1.24
40784;2.99
40785;1.26
40787;1.52
40790;1.06
40796;2.53
40826;1.48
4084;3.55
4085;4.4
4086;7.5
40882;1.25
40904;1.12
40908;0.8
40919;3.2
40956;31.75
40967;5.45
40968;5.4
40981;3.5
40985;18.9
40988;4.19
40989;1.05
40990;1.3
41;1.19
41000;6.51
41002;1.86
41005;1.67
41006;1.27
41008;0.83
41009;0.89
4101;1.1
41011;20.33
41013;1.4
41015;4.05
41016;1.77
41017;5.48
41020;1.71
41022;1.99
41024;6.41
4103;2.35
41081;4.8
41082;3.9
41084;5.9
41085;3.5
41118;6.9
41119;1.61
41120;0.82
41138;3.27
41139;2.13
41140;1.04
41145;3.38
41146;1.99
41147;1.79
41168;13.71
41188;12.74
41190;20.54
41191;2.4
41192;18.97
41196;5.6
41197;11.5
41198;1.22
41199;2.1
41221;14.9
41241;6.5
41243;2.01
41244;2.05
41265;2.52
41267;1.03
41274;6.88
41277;0.85
41282;5.49
41284;6.37
41285;6.02
41287;4.81
41290;22.91
41291;10.1
41293;1.73
41334;4.11
41337;2.67
41341;1.62
41352;1.91
41383;2.75
41384;5.35
41399;12.47
4141;0.81
41418;3.09
41422;2.67
41428;1.26
41447;2.08
41460;1.31
41462;1.77
41464;0.46
41465;1.99
41466;1.6
41467;1.98
41478;1.17
41489;25.96
41490;1.55
41492;1.21
41517;11.6
41523;5.67
41530;1.86
41534;2.82
41538;2.92
41551;1.36
41553;1.68
41556;1.66
41578;3.9
41601;1.59
41625;3.09
41647;5.95
41662;1.51
41674;1.59
41684;0.97
41691;5.15
41800;1.94
41804;2.68
41811;1.73
41831;3.4
41834;7.75
41840;2.99
41841;3.25
41847;5.45
41852;1.56
41860;5.75
41862;2.8
41869;3.35
4187;1.99
41876;6.25
41881;3.25
41884;3.99
41886;3.25
4189;1.19
419;0.36
4190;3.99
41903;1.6
41910;2.57
41914;1.96
41915;5.9
41916;9.99
41920;2.2
41923;8.95
41924;8.95
41925;17.45
41982;17.52
41990;7.98
41996;2.78
42;0.6
420;0.42
42005;1.22
42039;1.53
42045;4.74
42046;4.52
42058;2.58
42059;4.13
42060;7.5
42061;4.35
42062;4.45
42063;1.89
42065;8.04
42066;7.92
42067;1.56
421;0.82
42107;14.9
42110;2.7
42117;2.13
42131;3.05
42179;5.1
422;0.78
42218;1.58
42289;1.96
42290;1.07
42291;1.64
42292;0.86
42293;2.26
42295;1.99
42297;1.84
42298;1.66
42299;1.47
42309;1.62
42323;1.46
42325;2.28
42330;0.53
42331;1.65
42341;4.22
42347;0.9
42355;1.29
4241;3.97
4242;3.29
42424;1.94
42428;1.48
4243;3.98
42431;0.46
42437;2.48
42442;0.38
42445;1.74
42448;4.16
42451;1.29
42452;1.14
42455;1.71
42459;1.23
4246;3.46
42461;1.56
42462;3.0
42463;3.0
42468;2.5
4249;1.9
425;1.26
4250;2.04
42507;3.69
42508;2.91
42528;6.15
4254;2.0
4255;1.91
4256;1.88
42562;1.89
42563;1.8
42565;0.52
42567;6.0
42569;0.89
4257;3.42
42573;1.72
4258;1.58
42586;1.83
4259;1.11
426;1.13
4260;0.9
42600;2.7
42601;1.2
42603;2.59
42604;2.5
42605;2.8
42606;2.65
42607;2.65
4262;2.19
42624;1.59
42632;2.9
42633;2.9
42634;3.1
42635;2.9
42636;3.71
42639;0.58
42640;2.94
42642;2.74
42643;2.73
42647;5.71
42649;1.2
42653;2.4
42656;1.89
42667;12.71
42673;1.88
42678;6.02
42679;3.38
427;1.27
42703;4.05
42747;21.76
42761;2.02
42788;2.35
42789;2.08
42799;2.55
428;1.5
42803;1.96
42807;1.86
42809;1.1
42819;2.13
42824;5.81
42825;1.28
42826;1.29
42846;3.64
42847;1.63
42849;1.95
42870;5.45
4288;2.99
4289;3.74
4290;3.82
42938;1.41
42941;0.92
42942;0.93
42947;13.4
42949;0.84
42950;0.83
42951;0.83
42956;1.38
42957;1.53
42958;1.38
42959;1.45
42961;1.57
42965;1.65
42966;1.32
42976;2.99
42978;1.25
42979;1.29
42980;1.47
42981;1.47
42982;1.38
42983;1.41
42984;1.43
42990;6.43
42992;1.06
43;1.26
430;1.37
43000;1.49
43004;1.66
43005;0.85
43006;1.12
43009;1.16
43013;1.17
43014;1.29
43018;1.44
43049;3.74
431;1.45
43122;2.22
43146;8.25
43150;13.25
43151;10.29
43152;11.02
43153;11.45
43154;11.05
43155;10.31
43156;11.07
43157;10.93
43195;1.49
43196;1.09
43197;1.5
432;1.15
43224;2.74
43227;6.16
43237;1.3
43247;1.23
43278;4.95
43281;4.99
43284;3.34
43287;1.2
43291;2.73
43293;3.33
433;1.19
43301;2.08
43321;2.26
43330;1.72
43332;5.86
43333;4.61
43338;1.84
43340;1.86
43341;1.61
43350;1.28
43359;0.22
43365;1.02
43369;2.14
43371;5.49
43372;4.99
43374;4.75
43381;2.75
43383;2.21
43392;10.29
43393;1.0
43394;1.45
43396;1.49
43398;1.49
43403;1.56
43408;4.9
43409;3.3
43410;2.95
43417;2.65
43419;2.42
4346;1.23
4348;1.49
435;0.93
43509;1.62
4357;3.02
43599;2.56
436;0.96
4360;1.88
43600;4.31
43602;2.33
43603;1.93
43604;2.58
43605;2.48
43607;1.76
4361;1.88
43617;1.33
43618;1.32
43621;1.03
43622;6.49
43623;2.45
43626;3.5
43669;5.95
4367;2.24
43676;2.32
4369;1.06
43692;1.23
43693;9.77
43697;3.75
43699;8.97
437;1.09
43703;8.77
43707;5.07
4371;0.89
43717;3.93
43718;3.96
43719;3.96
43720;8.03
4373;4.93
43758;5.85
43767;3.43
43769;7.65
43778;0.94
43781;5.22
4381;2.72
43924;5.95
43989;4.09
43996;0.67
43997;1.29
44;0.45
440;1.23
44011;7.56
44040;0.68
44047;2.17
44054;2.17
44057;0.63
4407;0.95
44081;1.04
44082;1.07
44083;3.22
44090;5.95
44091;3.7
44092;8.5
44095;2.18
441;1.06
44168;1.48
44170;1.19
44171;2.0
44172;1.16
44178;1.11
44179;3.93
44183;2.0
44184;4.28
44185;4.33
44188;5.54
44195;4.7
44197;9.16
44199;2.49
44200;2.49
44201;2.66
44204;2.57
44205;2.42
44207;1.44
44214;0.98
44273;1.96
44279;1.62
44285;1.61
44286;3.49
44293;1.15
44299;2.07
44302;1.59
4431;2.51
44311;2.47
44327;7.9
44328;10.95
44340;3.54
44341;3.02
44342;4.27
44344;4.46
44362;3.62
44368;1.14
44370;2.29
44372;4.45
444;1.54
44434;1.74
44435;1.75
44436;1.74
44437;3.95
44445;2.35
44448;0.95
44449;1.49
44450;1.81
44568;2.55
44572;3.85
44573;3.6
44574;3.9
44575;2.8
44577;3.95
44578;1.84
4458;0.72
446;1.5
44724;1.54
44738;1.14
44739;1.35
44740;2.41
44742;2.0
44744;7.82
44745;4.49
44746;3.16
44747;3.2
44750;3.49
44751;1.94
44752;2.49
44753;1.74
44754;4.04
44767;1.57
44770;4.26
448;2.71
44812;1.53
44822;15.71
44847;0.88
44849;1.54
44850;2.63
44856;3.54
44865;1.49
44871;4.5
44874;4.9
44876;2.9
44877;5.9
44878;3.9
44884;1.75
44885;1.68
449;2.89
44900;0.76
44947;1.21
44948;1.22
44951;2.69
44953;1.58
44954;1.58
44955;4.36
44956;4.64
44959;2.19
4496;0.9
44960;1.14
44961;1.93
44962;1.49
44963;1.63
44964;6.65
44967;4.75
44968;4.75
4497;0.55
44975;2.25
44978;1.99
44979;3.9
44980;4.1
44982;3.25
44984;2.66
44985;1.86
4499;1.99
44990;1.55
44991;1.43
44992;2.1
44993;1.65
45005;1.98
45009;1.64
45011;7.7
45014;3.8
45017;2.95
45019;2.95
45020;3.75
45023;6.5
45024;5.95
45025;3.1
45029;3.75
45031;2.4
45033;3.7
45034;8.45
45035;4.45
45042;4.6
45043;3.5
45044;11.95
45045;2.44
45047;12.9
45050;6.25
45052;1.7
45053;1.94
45054;1.16
45055;1.53
45063;0.62
45065;0.83
45068;1.61
45077;1.89
45078;4.01
45102;5.43
45103;6.99
4512;1.75
45135;1.25
45143;1.79
45147;3.24
45149;2.97
4515;2.99
45150;2.1
45157;1.83
4516;1.79
45168;1.99
4518;1.24
4519;0.99
45190;2.39
45195;1.81
45197;2.16
45198;2.44
45201;2.06
45202;2.43
45205;3.09
45207;3.36
45212;2.42
45213;3.14
45217;2.52
45220;2.45
45222;2.15
45225;2.58
45226;2.06
45229;1.51
45233;1.82
45239;2.13
45243;1.36
45244;2.48
45245;2.78
45246;2.7
45249;10.15
45250;2.81
45252;2.42
45253;2.28
45254;2.71
45255;2.47
45260;2.55
45261;2.13
45262;2.2
45265;3.53
45266;2.36
45275;6.49
45278;1.97
45289;2.04
45290;2.83
45291;2.06
453;2.31
45319;6.99
45320;7.41
45329;2.72
45336;2.67
45339;1.69
45340;1.88
45350;1.83
45351;1.95
45354;2.33
45355;2.08
45372;1.24
45378;3.37
4538;3.42
45382;2.38
4539;8.13
45415;2.54
4542;3.64
4543;4.66
45433;11.25
45452;1.64
45453;1.24
45455;1.61
45456;2.22
45458;2.02
45478;2.79
45482;1.48
45485;4.02
45495;11.59
45498;1.99
45499;3.15
45500;3.5
45530;2.49
45536;1.94
45537;2.38
45540;1.04
45569;17.5
45575;3.89
45576;3.64
456;1.7
45636;1.28
45642;1.68
45643;0.75
45644;5.83
4566;4.45
45663;3.4
45668;0.92
4567;4.45
45670;1.24
45673;1.59
45676;2.95
45677;2.79
45678;1.52
45679;1.63
45680;3.47
4569;2.99
4570;2.99
4573;3.66
45813;6.62
45825;1.49
45826;1.42
4583;1.44
45855;26.62
45867;2.34
45868;2.39
45872;5.58
45879;8.94
459;2.4
45908;3.19
45909;20.96
45914;3.06
45923;1.89
45939;5.03
45965;1.33
46006;7.15
46028;9.15
46039;1.67
46042;5.88
46043;5.87
46044;5.87
46045;1.91
46046;1.97
46047;2.83
46048;2.13
46049;1.85
46051;5.36
46052;5.36
46083;2.59
46098;6.39
4610;2.65
46158;2.23
46159;3.86
46161;2.26
46162;2.46
46163;3.04
46164;2.13
4620;1.9
4621;2.06
4622;1.14
46224;1.48
46255;10.63
4626;0.9
4627;1.97
4628;0.54
4629;0.98
4630;1.85
4631;1.55
46368;13.5
4641;2.03
46454;1.56
46455;3.76
46462;0.75
46463;1.1
46469;2.05
46470;1.62
46471;1.63
46473;12.19
46498;2.69
46510;3.78
46512;3.37
46514;4.07
46516;7.94
46525;1.61
46528;2.99
46530;3.25
46541;5.8
46542;5.37
46545;5.76
4664;0.67
4665;0.65
46654;2.1
46667;1.11
46676;1.57
46703;2.69
46746;2.55
46747;2.7
46778;2.56
46781;2.57
4679;0.9
46792;3.7
46825;3.6
46827;1.77
46837;14.5
4684;0.72
46848;2.09
46876;12.05
46879;2.59
46880;2.59
46908;3.02
46982;1.83
46984;2.67
46987;1.22
470;2.6
47033;4.91
47035;5.11
47039;4.08
47040;4.71
47128;7.9
47130;7.4
47146;9.02
47147;9.36
47153;8.8
47154;12.57
47155;28.9
47157;8.75
47158;15.55
47159;28.9
47162;13.85
47164;28.03
47166;14.29
47168;24.05
47169;0.81
47170;8.36
47172;11.71
47173;2.72
47174;6.68
47176;2.21
47178;13.95
47180;2.13
47183;1.19
47184;1.41
47185;3.24
47186;3.21
47187;1.72
47188;3.38
47190;3.29
47195;14.05
47196;12.65
47198;3.34
472;1.94
47226;1.43
47234;10.49
47238;11.19
47246;2.7
47252;1.21
47254;1.15
47255;0.57
47256;0.99
47257;0.47
47259;1.6
47266;8.75
4727;1.39
47278;14.5
47279;14.5
47299;5.75
4731;1.48
47381;1.95
47382;11.43
47385;7.29
47396;2.52
47397;1.59
47398;1.43
474;1.65
47474;5.2
475;1.67
47528;4.42
47529;4.96
47542;1.15
47563;0.71
47580;1.69
47592;1.72
47600;2.72
47603;1.71
47606;2.05
47608;2.25
47609;1.51
47647;2.33
47648;1.41
47656;7.31
47658;9.19
47664;0.81
47665;1.73
47668;1.72
47670;1.53
47675;1.03
47677;1.09
47678;1.04
47679;1.07
47680;1.05
47681;0.99
47685;1.71
47692;14.95
47693;7.95
47694;9.95
47695;4.95
47698;4.29
47700;2.53
47704;3.04
47705;7.21
47718;1.34
4772;1.83
47728;4.27
47729;4.8
47730;4.8
47766;1.39
47767;1.32
47768;1.55
47771;1.37
47772;1.48
47780;9.65
47783;3.23
47785;2.82
47789;1.82
47797;3.55
47812;2.33
47934;2.11
4796;1.88
47972;1.31
48027;1.77
48030;2.75
48050;1.49
48056;3.19
48079;1.84
481;1.85
48113;1.17
48114;1.04
48117;17.52
48118;29.9
48122;1.87
48123;1.66
48124;1.5
48125;1.28
48135;1.65
48136;1.7
48137;1.32
48158;3.62
48160;3.31
48161;3.37
48162;3.43
48163;3.43
48164;2.34
48170;1.79
48171;1.79
48175;3.51
48179;4.8
48186;2.84
48187;3.89
482;1.67
48200;2.03
48211;2.2
48246;7.17
48253;1.66
48254;1.64
48257;6.47
48258;9.09
48266;17.95
48267;12.88
48270;16.68
48282;3.9
48283;3.27
483;1.64
48309;3.31
48310;2.16
48311;2.27
48312;3.3
48315;1.7
48318;15.63
48319;12.95
48323;5.06
48324;5.18
48332;1.8
48335;1.21
48336;1.08
48337;10.68
48338;13.44
48340;2.43
48344;1.98
48351;2.23
48352;1.15
48353;1.19
48354;1.2
48355;1.17
48357;6.76
48369;2.06
48373;2.0
48377;4.72
48378;2.51
48381;6.25
48383;6.71
4839;7.95
48390;10.05
48393;10.93
48421;7.99
48432;1.81
48433;1.84
4844;1.6
48455;8.83
48466;1.57
48470;1.46
48471;3.59
48473;2.13
48498;3.42
485;1.39
48505;1.74
48508;1.15
48511;3.3
48513;3.29
48514;1.48
48515;1.92
48518;1.49
4852;2.45
48548;1.39
48549;1.54
48550;1.74
48552;1.1
48570;6.57
48573;2.9
48582;18.87
48583;9.49
48588;15.38
48589;12.74
486;1.15
48601;3.6
48602;2.98
48603;1.21
48604;1.36
48605;1.47
48607;1.46
48610;1.29
4863;1.09
48633;1.8
48643;2.14
48645;1.43
48646;2.91
48697;4.06
48698;6.36
48701;1.78
48707;13.86
48709;14.71
48718;1.51
48720;2.57
48721;2.16
48725;1.13
48744;0.88
48745;1.74
4877;0.86
4879;0.86
48798;2.65
4880;0.86
48801;2.24
48805;1.9
48809;4.52
4881;0.86
48812;5.31
48813;2.94
48814;2.77
4882;0.96
48822;3.36
48843;3.32
48844;3.29
48846;0.92
48849;2.22
4885;1.59
48856;4.62
48871;1.93
48875;1.48
48877;5.12
4889;1.59
4896;1.59
4902;1.85
4903;1.81
49045;2.4
4905;1.81
49050;1.0
49054;10.18
49058;2.9
49059;2.9
4906;1.83
49070;3.29
49071;9.34
49077;1.01
49078;0.99
49080;0.86
49082;1.12
4909;1.81
491;0.73
4910;1.9
4913;1.15
49131;18.76
49133;1.49
492;0.59
4922;1.77
49248;1.85
49249;4.11
49254;2.24
49255;0.56
49256;1.32
49283;2.43
49286;1.95
49287;1.29
49291;2.28
49292;3.93
49294;1.66
49295;1.81
49296;3.11
49298;2.09
49299;4.54
49300;4.92
49316;2.2
49327;2.55
49333;2.9
49335;2.42
49336;2.37
49338;1.91
49342;0.85
49346;1.66
49349;2.1
49351;1.51
49353;2.03
49383;1.02
49386;2.16
49407;2.58
495;0.67
49552;5.51
49553;3.72
49559;17.99
49567;1.04
49578;2.12
49584;2.34
49596;3.66
49597;1.94
49598;1.63
496;2.01
49632;1.45
49639;2.65
49640;4.81
49680;2.37
49682;1.18
49684;1.98
497;1.73
49700;9.72
49740;1.99
49798;1.79
49799;1.65
49802;1.91
49805;1.86
49807;1.78
49823;8.91
49825;1.35
49827;2.79
49828;1.25
49834;4.15
49840;2.25
49845;1.89
49846;2.53
49847;2.92
49848;4.25
49849;0.88
49851;0.67
49853;1.04
49863;2.51
49868;2.41
49870;4.02
49872;3.23
49873;3.04
49875;3.6
49877;3.81
4988;4.67
49880;1.89
49881;1.89
49882;1.89
49883;0.73
49887;2.62
49890;2.93
49901;2.42
4991;1.99
49932;2.04
4994;4.41
49941;14.99
49942;11.7
49954;2.99
49956;1.32
49957;1.33
49958;8.91
4996;1.59
49961;3.13
49962;2.17
4997;2.7
49977;1.86
49982;1.31
49985;2.11
49997;2.44
49998;2.38
5;0.91
50;0.89
50000;4.52
50003;4.29
50004;5.43
50027;1.85
50028;1.47
50029;1.25
5005;6.49
50052;11.88
50053;2.46
50054;2.5
50056;4.33
50057;3.25
50058;1.55
50062;0.39
50068;1.53
50069;1.71
50072;1.66
50073;1.73
50085;3.45
50086;4.2
50087;3.9
50088;2.15
50093;1.51
50095;1.49
50098;2.2
50099;1.54
50100;2.58
50101;1.56
50102;2.29
50109;1.61
50116;4.2
50117;6.3
50118;3.28
50119;2.68
50127;6.39
50128;6.05
50129;4.38
50133;1.65
50134;11.84
50135;3.99
5015;1.89
5016;1.29
5017;1.31
5018;0.5
5021;1.4
50210;1.89
50214;0.95
50215;3.99
50218;1.31
5022;3.91
50220;1.55
50222;1.38
50223;1.58
50224;1.21
50225;1.69
50227;1.06
50228;1.95
5023;1.08
50231;1.5
50236;1.34
50237;1.21
5024;2.99
5025;1.38
50253;0.91
50254;0.65
50255;0.82
50256;0.78
50257;8.29
5026;1.41
5028;1.77
5029;1.57
5031;1.55
5032;1.75
5034;1.41
50341;2.04
50348;11.36
50352;7.44
50354;2.05
50357;10.37
5036;3.92
50360;2.68
50361;2.58
50362;3.11
50363;2.66
50364;2.04
5037;2.17
50409;2.73
5041;1.39
5042;7.25
5044;1.11
50440;3.23
5045;1.66
50454;1.87
50458;1.82
50459;1.74
5047;1.32
50485;1.9
50489;1.89
5049;14.55
50491;3.49
50492;1.87
50494;2.05
5050;1.74
50508;13.13
50510;20.99
50513;5.33
50521;7.74
50522;9.63
50525;6.22
50532;10.49
5057;0.93
50578;2.29
5058;1.09
50580;1.81
50582;1.99
50585;1.51
50596;2.89
5060;3.24
50604;8.41
50623;9.99
50626;3.99
50640;13.7
50662;3.77
50673;2.68
50674;2.75
50676;3.11
50680;4.32
50682;2.43
50684;2.94
50687;4.34
5070;18.41
50701;0.68
5071;2.36
50712;1.37
50713;2.07
50714;1.28
50716;1.92
5073;3.2
50734;0.8
5078;0.94
5079;1.15
5080;0.97
5081;1.3
50810;1.21
50817;2.16
50822;1.41
50825;2.09
50843;35.82
50863;1.92
50867;2.71
5089;1.9
50905;3.29
5091;4.6
50919;3.8
50936;3.9
5095;1.3
50956;2.3
50961;2.51
50962;2.58
50964;2.25
50965;2.18
5098;3.05
50984;0.85
50991;2.13
51;0.86
51047;1.1
5107;3.0
51089;0.87
5110;0.77
5111;0.9
5112;1.03
5114;1.73
5115;0.64
5116;4.02
5117;3.92
5120;2.99
5121;2.2
5124;0.75
51245;6.81
5125;0.95
51254;0.83
51257;0.79
5126;1.3
51265;0.79
51268;0.88
51269;1.54
51275;2.01
51276;2.01
51277;1.98
51278;2.26
5128;0.9
51289;1.59
51297;1.48
51298;3.06
51311;4.33
5132;1.27
51332;5.35
51341;2.62
5135;0.64
51351;2.34
51352;2.12
51353;2.13
51395;2.25
5141;2.25
5142;0.89
5143;1.6
5145;2.4
5147;0.99
515;2.62
51545;2.67
51561;2.5
5159;9.2
516;2.22
5160;2.8
51604;1.93
51605;2.17
51606;2.7
51607;2.36
5161;2.38
51638;2.4
51639;2.4
5164;14.57
5166;1.83
51689;2.42
51691;2.83
51700;1.14
51701;1.14
51709;2.35
51720;2.58
51744;1.49
5175;1.52
51750;0.61
51757;1.72
51763;2.4
51769;1.7
51770;1.7
51771;1.7
518;0.94
5180;1.95
51819;0.9
51820;1.9
51858;2.24
51859;2.26
51860;2.24
51864;2.91
51866;7.68
5187;1.99
519;1.03
51904;0.65
51912;1.29
5192;2.15
51936;3.83
5194;2.89
51954;2.5
51955;2.5
51956;0.98
51957;0.98
51959;1.45
51986;3.99
51996;1.65
52;1.42
520;0.97
52044;2.88
52058;4.7
52077;7.95
52085;1.99
52089;2.63
52092;1.53
52094;2.02
52096;1.35
521;1.26
52108;2.69
5211;1.49
52113;2.75
52122;0.6
52135;1.48
52141;1.87
52142;3.17
52143;1.6
52148;2.83
52165;2.06
52166;2.11
52168;1.83
52170;2.97
52171;1.48
52172;2.85
52174;1.28
52175;1.27
52176;1.42
52177;2.88
52206;2.06
52208;2.2
52211;1.85
52223;4.22
52224;4.28
52244;6.48
52270;5.39
52272;4.94
52273;6.0
52278;6.4
52305;3.46
52322;3.44
52335;0.53
52367;28.45
52369;4.96
52370;4.95
524;0.95
52426;3.55
5248;2.21
5250;2.03
5252;1.75
5253;1.99
52539;2.6
52540;1.33
52542;1.35
52543;1.34
52544;1.56
5256;2.88
52572;2.58
52582;1.08
52593;1.26
52594;1.26
526;0.84
52600;1.59
5261;1.9
52625;1.12
52629;1.05
52631;1.16
52632;1.06
52633;1.06
52634;1.04
52635;1.53
52637;2.76
5264;2.07
5265;1.15
52672;2.54
52673;0.98
52679;1.89
52699;1.77
527;0.92
52703;1.71
5271;1.17
52716;3.8
52719;1.66
5273;1.89
5274;1.85
52757;2.12
5276;1.21
52790;1.36
52798;1.39
528;1.02
52803;2.86
52804;3.67
52809;6.97
5281;1.53
52811;2.84
52816;2.18
5284;2.15
5285;1.25
5288;0.95
52880;1.79
52881;1.81
52886;1.15
52887;1.01
5289;1.39
529;0.78
5290;1.77
5291;2.37
5293;0.76
52950;3.7
52951;3.62
52954;1.91
52958;3.53
52959;1.55
5296;0.97
52962;1.07
52964;3.65
52965;3.52
52967;2.99
52969;3.29
52970;3.29
52971;4.1
52975;4.26
52976;5.21
52977;5.95
53003;9.95
53032;2.99
53033;2.2
53048;4.07
53064;1.26
53065;1.27
53066;1.99
53067;1.89
53068;4.06
53069;1.89
53070;2.57
5308;1.38
53167;2.11
5317;0.91
53170;1.86
5318;0.62
53202;1.31
5321;1.37
53220;2.66
53222;2.49
53224;2.76
53228;2.74
5325;1.45
5328;1.77
5329;1.11
5339;2.33
5342;1.37
5344;1.09
53508;0.67
53538;5.54
53593;1.73
53594;3.06
53597;4.68
53598;18.25
5360;2.17
53600;2.59
53601;2.57
53602;3.44
53606;1.69
5362;3.64
5363;0.91
5364;1.71
53649;2.98
53651;3.75
5366;3.73
53661;1.73
53669;4.42
5368;0.79
5369;1.1
5371;1.27
53722;27.5
5373;0.99
5377;2.32
53776;2.02
53777;2.15
53782;3.79
53783;0.92
53785;6.5
53786;4.95
53787;5.5
53788;4.95
5379;2.25
5381;1.17
53820;2.83
53853;2.94
53854;2.94
5386;0.92
53869;3.19
5387;1.19
53899;3.12
5390;1.06
53902;3.2
5391;1.9
5396;1.87
5397;1.27
53975;2.85
53976;4.62
5399;1.79
54;1.06
5400;1.01
54014;1.47
5403;1.0
5404;1.01
5405;4.88
5406;4.88
5407;0.95
54108;7.02
5411;1.49
5414;6.88
54187;19.95
5421;2.34
54258;1.45
54259;1.31
5426;6.93
54260;1.23
54265;1.0
54295;2.53
54296;1.92
54297;1.49
54298;1.5
54299;1.65
54300;1.65
54301;1.89
54304;1.69
54305;3.56
54307;8.71
54308;8.7
54317;2.83
54319;1.5
54346;3.06
54367;2.73
5437;1.79
54376;2.55
54378;2.44
54381;2.55
54385;2.26
54386;1.13
54404;1.06
54406;0.99
54408;0.81
54416;3.9
54417;1.13
54420;1.82
54423;1.83
5445;1.54
5447;0.72
54485;0.79
54487;0.74
54488;1.55
5449;3.21
54493;0.89
54494;2.16
54495;1.44
54501;1.14
54502;2.46
54517;1.83
54529;24.95
54540;6.55
5455;2.54
5457;2.42
546;1.42
5465;1.2
54667;2.43
54668;2.25
5468;1.75
547;0.81
5477;3.57
5478;3.54
54853;1.14
5486;0.35
5488;3.74
5493;1.76
54944;3.3
54957;3.51
54959;3.37
54960;2.8
54961;1.48
5498;2.79
55;1.1
5500;0.49
55065;22.65
55083;0.85
55086;2.68
55087;3.57
55089;7.94
5509;0.85
55090;8.75
55098;3.13
5510;0.43
55102;1.89
55107;9.78
55109;6.69
5511;1.29
55114;8.77
55115;0.81
55116;1.4
5512;1.26
5513;5.88
5514;2.99
55140;1.5
55141;2.16
55144;2.28
55145;1.12
55146;2.22
5515;2.3
5517;1.03
55197;1.98
55202;1.83
55207;2.1
55217;2.51
55219;2.59
55222;1.64
55224;1.64
55226;1.64
55233;4.82
55234;3.55
55256;3.79
5526;1.19
55265;1.55
55276;1.9
55277;2.68
55281;0.95
55282;0.95
55283;0.95
5529;2.32
55297;4.05
55301;3.28
55302;3.28
55303;3.99
55304;2.29
55305;2.34
55306;2.52
55313;3.43
55318;3.47
5534;1.8
55345;2.23
55346;2.22
55347;2.21
5536;2.33
55377;2.25
5538;0.91
55381;0.48
55413;3.94
55415;2.25
55436;1.95
55439;1.69
5544;1.39
55442;1.69
5545;1.71
55464;7.95
55465;7.87
55466;8.32
55479;3.83
55566;4.41
55571;0.94
55573;1.09
5560;1.54
5561;1.09
5562;1.88
5563;1.31
5564;0.75
55648;5.4
5565;2.25
55652;2.49
55664;1.85
55669;1.85
55675;0.99
55692;6.9
55693;7.15
55698;5.66
55699;5.66
55700;1.03
5572;3.29
5573;1.13
55732;0.45
55733;0.78
5574;1.16
5575;2.29
5576;2.09
55779;1.75
5578;2.17
5579;3.86
55799;13.84
5581;2.15
55816;1.22
55833;19.93
55835;3.01
55836;2.21
55882;1.7
55887;2.25
55890;2.4
5591;2.19
55921;11.15
55922;20.2
55923;8.55
5593;1.98
55949;2.17
5596;2.07
56;1.09
5605;20.05
56155;2.71
56157;3.99
56162;3.63
5618;1.69
5621;0.58
5622;4.27
56230;1.9
5624;4.84
56240;1.95
5626;1.02
5627;2.75
5630;3.93
5633;0.65
5634;2.89
5635;5.73
56403;1.3
56404;1.3
56405;1.3
56406;1.3
56435;1.41
56442;4.05
56444;1.58
56452;2.22
56456;1.69
56457;1.91
56470;6.43
56473;3.55
56474;3.93
56475;3.66
56476;3.93
56516;2.09
56517;2.46
56518;2.94
56543;3.1
56547;1.47
56549;2.69
56550;2.95
56551;2.4
56552;2.48
56560;4.05
56561;1.54
56562;4.4
56568;1.5
56571;0.92
56572;1.53
56574;0.4
56577;5.66
56580;5.0
56609;2.71
56613;14.55
56664;2.26
56683;2.97
567;2.1
5672;2.0
5674;2.5
56778;1.86
56798;3.89
5681;0.9
56862;1.79
56870;1.65
56871;1.3
56872;2.21
56873;1.94
56874;2.02
56876;6.35
56877;8.57
56878;5.29
56879;5.9
56883;6.7
56889;5.76
56892;2.35
56935;2.32
56953;1.53
56967;2.16
56975;2.46
56991;1.1
56995;1.41
56996;2.78
57017;0.92
57038;10.63
57040;4.24
57044;6.28
57045;3.28
57082;3.44
57085;2.35
57086;9.01
57110;3.12
57150;3.96
5718;1.98
57184;2.26
5719;3.31
57236;4.69
57245;3.98
57275;1.12
57284;5.87
57288;1.72
57304;5.18
57307;1.97
5736;3.84
5737;6.53
57564;3.01
57610;3.49
57611;4.65
57627;2.99
57688;2.84
57692;3.06
57697;2.96
57710;2.12
57713;11.06
57714;7.45
5772;0.94
57734;3.44
57736;1.82
57740;9.97
57752;1.9
57760;1.98
57764;0.89
57770;2.16
57774;4.51
57778;5.02
57779;2.89
5778;2.25
57782;2.89
57783;2.99
57785;2.85
57786;2.97
57788;2.72
57790;2.75
57792;3.25
57796;4.84
57798;3.07
57800;1.24
57801;1.93
57812;2.16
57814;2.28
57815;2.16
57816;2.14
57819;1.63
57821;2.07
57823;2.08
57824;2.1
57829;1.19
57834;1.87
57840;2.36
57841;1.64
57842;3.36
57843;3.37
57844;2.4
57845;2.97
57846;2.76
57847;2.7
57848;2.22
57849;8.89
57850;8.59
57851;2.71
57852;1.92
57854;2.22
57855;3.24
57860;12.95
57863;10.98
57870;13.35
57871;10.98
57875;11.38
57877;13.13
57878;8.03
57879;8.1
57883;2.28
57894;10.69
57895;13.85
57896;8.3
57897;15.55
57898;12.63
57899;25.02
57903;1.81
57904;10.94
57905;10.5
57911;3.29
57913;7.13
57915;2.75
57917;2.42
57919;2.47
57926;2.78
57929;3.11
57933;3.66
57956;3.54
57966;7.71
57967;7.53
57968;8.27
57969;7.07
57970;1.61
57971;1.94
57972;3.57
57973;1.77
57975;2.05
57976;1.79
58;0.95
58119;1.15
58122;2.63
58125;1.29
58141;1.86
58142;2.49
58143;13.24
58144;3.16
58146;3.43
58147;3.3
58148;6.95
5816;2.23
58181;1.9
58201;0.99
58202;0.99
58203;0.99
58205;1.0
58206;1.03
5823;3.36
58281;6.06
5831;0.99
5832;1.47
5833;2.37
58365;1.12
5838;1.45
5841;2.99
58428;2.42
58438;1.48
5844;3.49
58440;1.5
58441;6.15
58442;2.88
58444;1.7
58457;5.41
58459;5.35
58460;6.58
58462;14.13
58463;1.93
58489;2.4
58498;15.25
5850;2.79
58501;4.58
58504;4.5
58505;3.21
5851;1.54
58525;1.57
58529;3.48
5855;2.42
58556;5.82
58558;5.73
5856;1.91
58562;3.91
58563;5.72
58564;4.71
58566;4.75
58567;5.59
58568;9.41
58569;19.56
5857;1.82
5858;1.54
58587;3.5
58589;3.22
5859;2.2
58592;4.78
58593;1.34
5860;1.38
58602;1.91
58603;3.99
5861;1.99
58613;2.64
58618;2.12
58619;2.95
58620;4.03
58625;2.56
58626;2.7
58628;0.96
58629;1.1
58633;1.87
58634;2.79
58635;2.38
58636;2.61
58639;0.86
58640;1.05
5865;0.99
5866;2.25
58670;2.49
58675;5.01
58677;4.42
58679;3.18
58682;4.5
5869;0.99
58694;2.57
58699;3.16
5870;1.1
58700;5.13
58701;4.05
58703;2.07
5871;2.65
5873;2.05
58742;2.62
58756;2.55
58759;2.16
5876;1.22
5877;2.28
58776;1.9
5878;1.7
58785;4.47
5880;1.47
589;1.82
5891;1.41
58922;2.05
58939;3.84
58944;3.92
5895;4.0
5898;3.99
59;0.99
59038;5.34
59041;4.26
5905;1.15
5907;1.42
5908;1.71
5909;1.81
591;1.65
5911;0.6
59110;5.25
5912;0.85
5917;1.1
59192;3.34
59197;3.34
592;1.56
59213;5.69
5922;0.63
59235;5.36
59249;3.38
59252;4.25
59253;5.78
59255;2.43
59257;3.17
59274;1.95
59291;2.45
59293;1.52
59294;1.31
59296;1.66
59299;2.68
593;2.14
59301;3.55
59306;2.61
59307;1.4
59310;6.07
59311;2.24
59315;5.35
59339;3.45
59340;3.56
59341;3.32
59342;3.41
594;1.99
59479;11.95
59481;1.59
59499;4.4
595;1.99
5951;2.31
5952;1.53
59534;2.32
59535;2.37
59536;2.28
59537;2.29
5954;5.63
59551;0.66
59553;1.24
59554;0.65
59556;1.48
59562;2.15
59563;2.15
59564;2.15
59565;3.24
59575;7.96
59578;5.78
59579;3.94
59580;3.96
59582;4.41
59588;3.9
59589;11.25
59591;11.25
596;1.99
59618;2.78
59657;5.99
59663;2.85
59676;2.54
59687;2.16
59688;2.15
59714;0.8
59718;2.22
59719;1.27
59720;1.38
59722;2.02
59739;3.44
59742;8.68
59744;10.38
59746;13.86
59748;9.47
59749;13.27
59753;10.46
59754;13.27
59755;13.27
59756;12.5
59758;12.5
59759;13.99
59768;3.95
59769;4.23
59770;3.85
59771;3.87
59772;3.61
59773;6.15
59774;4.33
59782;5.96
59787;2.96
59789;2.59
59796;2.11
59797;2.28
59798;2.0
59799;1.96
59811;1.93
59814;2.28
59817;2.22
59820;1.82
59832;3.0
59994;6.68
59995;14.8
6;0.59
6000;1.99
60000;2.01
60015;1.74
60021;2.11
60027;2.23
60031;1.67
60148;1.88
60153;1.72
60155;2.93
60165;2.24
60168;2.0
60171;2.01
60174;2.68
60175;3.23
60186;2.55
60200;1.35
60204;1.45
6021;2.95
60253;4.9
6035;1.1
60353;9.89
60359;9.89
6037;2.23
6038;3.17
6039;2.65
6044;1.67
6048;1.1
6049;3.27
60491;2.92
60492;5.84
60539;2.44
6058;1.86
60587;1.59
60588;1.89
6063;2.3
60637;2.68
6066;0.88
6067;5.32
6068;0.69
6069;0.79
6070;1.04
60711;0.99
6073;0.75
6075;3.9
6076;1.41
60773;5.95
60777;2.24
6078;1.02
6085;2.41
60887;2.68
6089;0.82
60890;2.24
60891;1.34
60892;1.39
609;2.94
60930;1.88
60931;2.26
60934;2.58
60936;3.44
60941;3.44
60961;1.94
60962;2.02
60970;1.3
60974;1.66
60978;1.99
60980;2.96
60982;2.89
60984;2.91
61019;1.69
61021;3.84
6105;0.67
6106;0.58
6111;1.69
61163;1.78
61169;1.09
612;1.36
61211;1.43
61212;1.44
61213;1.54
61214;1.31
61216;1.55
61219;1.67
61289;5.8
61293;1.64
613;1.44
61374;5.99
6145;1.99
6147;1.2
6148;1.08
6152;0.79
6153;1.17
6154;0.64
6155;0.75
61596;0.88
61599;1.12
61600;1.28
61604;0.89
61605;0.87
61608;0.97
61609;1.37
61634;1.82
6164;2.13
61651;5.29
617;1.94
6172;1.43
618;1.01
6181;1.31
61870;4.24
61874;1.43
6188;1.95
619;1.39
6196;2.53
6199;2.43
6200;1.85
62045;3.82
62083;1.13
62091;1.44
62093;2.75
62095;2.38
62098;5.79
62099;13.42
621;2.21
62101;6.09
62110;1.37
62116;1.79
62120;3.63
62121;2.19
62123;1.58
62127;3.01
62130;3.48
62131;2.48
62133;2.67
62137;1.66
62138;1.55
62140;1.78
62146;1.73
62147;1.5
62159;1.32
62162;1.02
62165;1.46
6218;2.37
62193;3.05
62195;1.02
6221;1.86
6222;1.1
62226;1.04
6223;2.06
62246;1.15
62251;0.94
62252;1.05
62286;2.88
62302;4.99
62303;1.66
62333;1.71
62335;1.48
62337;1.28
6240;4.49
6242;1.99
62421;1.31
62423;2.23
6243;12.85
62455;1.5
62479;7.5
62481;1.2
62482;1.1
6249;1.49
62490;0.93
62496;1.73
625;1.1
62502;1.26
62503;1.34
62505;0.82
6254;1.1
62554;1.95
6256;1.87
62567;1.69
62568;1.69
62569;1.65
62571;1.1
62574;5.18
62575;0.59
6258;2.49
62612;3.63
62614;2.8
62625;6.25
62626;2.41
62640;2.12
62642;1.69
62644;1.67
62652;1.62
62655;1.83
62667;1.91
62671;3.45
62673;3.8
62674;4.43
62676;6.76
62680;4.36
62681;0.99
62685;11.9
62687;4.29
62697;1.19
627;1.1
62720;0.81
62721;2.6
62722;1.07
62723;1.22
62725;5.4
62726;2.21
62730;1.23
62731;1.99
62733;1.26
62734;1.97
62736;2.58
62737;2.02
62740;1.38
62741;2.69
6291;0.77
62931;1.92
62932;1.69
62934;1.53
6295;1.96
630;1.86
63064;1.07
63065;1.53
63067;1.55
63068;4.12
63069;1.66
63070;1.24
63072;2.02
6310;3.92
63100;2.55
63106;2.22
6314;1.59
6316;1.65
6318;1.35
632;1.1
6320;1.65
6326;2.02
63266;2.52
633;1.7
63320;21.4
6340;0.86
6341;0.85
6343;0.84
63433;1.7
6344;0.38
6345;0.85
6346;1.55
6348;2.16
6350;0.99
63505;2.35
63521;2.56
6353;1.77
6354;3.05
6355;5.45
6356;1.19
6357;1.49
6358;0.81
6359;0.76
6360;0.96
6361;2.11
6362;1.36
6364;4.57
6365;1.99
6366;1.86
63666;2.26
63669;2.0
63671;2.12
63676;2.24
63679;2.16
63685;1.56
63688;3.22
6370;2.51
63706;4.0
63707;5.3
63714;12.35
63716;17.3
63720;2.1
63722;17.71
63724;1.9
63728;2.03
63744;2.99
63756;1.72
63759;2.66
63761;1.3
63762;3.1
63765;3.1
63768;3.15
63770;1.67
63794;3.13
63795;3.05
63797;2.97
63798;3.28
638;1.56
63814;4.64
6382;1.83
63828;2.6
63829;2.96
6383;2.54
63892;2.76
63899;2.09
6390;1.14
6391;1.21
6392;1.21
63971;3.66
64012;2.03
6402;1.51
64024;0.75
64025;0.96
6403;1.58
64032;4.63
64041;4.87
6406;1.26
6408;1.93
64082;2.09
64098;1.37
64103;3.17
64114;7.82
64115;5.97
64122;5.97
64130;10.55
64131;10.4
64132;15.1
64133;11.7
64135;12.99
64138;13.0
64139;7.6
64140;8.99
64141;9.5
64142;5.21
64144;11.9
64145;12.95
64146;11.5
64147;7.4
64149;4.99
64152;5.89
64153;6.5
64154;4.5
64158;19.15
64159;22.3
64160;8.2
64161;11.89
64162;19.95
64164;10.8
64165;11.5
64172;2.28
64175;10.8
64176;9.89
64177;8.99
64178;9.69
64179;8.65
6418;1.76
64180;20.65
64181;11.05
64184;11.55
64186;13.8
64187;13.9
64188;9.95
6419;1.83
64191;1.99
64192;11.1
64193;12.5
64194;10.2
64195;5.99
64196;6.5
64197;6.5
64198;6.5
64199;6.38
6420;1.96
64200;9.25
64201;14.26
64202;13.5
64203;5.49
64205;5.99
64208;14.1
64210;13.19
64211;8.99
64212;5.3
64213;4.85
64217;13.1
64218;8.75
64219;8.25
64221;9.9
64226;3.5
64229;14.04
64230;1.98
64231;5.59
64233;18.9
64235;4.4
64236;4.4
64237;4.4
64238;4.4
64239;9.95
64240;9.95
64243;11.99
64244;7.7
64248;9.65
64249;6.55
64250;8.8
64251;3.25
64252;5.2
64253;7.7
64254;10.4
64255;11.55
64256;16.75
64257;16.6
64258;15.45
64259;10.69
64261;4.65
64269;8.4
64270;10.99
64271;6.99
64278;2.92
64287;7.9
64289;6.99
64290;7.5
64292;12.29
64295;7.3
64299;14.15
64302;4.9
64304;4.39
64318;2.19
64321;1.9
64323;14.9
64324;69.9
64327;4.45
64333;10.2
64334;11.5
6437;1.64
64401;13.2
64402;9.76
64403;12.9
64404;3.29
64405;10.99
64406;6.8
64407;11.95
64410;12.9
64412;6.99
64414;8.99
64416;14.45
64417;19.99
64418;7.6
64419;4.87
64420;6.45
64423;2.88
64426;3.6
64427;3.69
64428;12.39
64453;1.29
64455;1.25
6446;2.87
6447;1.63
6448;0.57
64506;0.8
64507;1.04
6451;1.71
6455;0.45
64574;3.95
64575;3.71
64576;3.49
6466;1.44
64663;2.35
64664;2.26
64665;2.09
64666;2.57
6467;0.77
64670;2.62
64672;0.87
64679;1.61
64680;2.38
64681;1.44
64682;2.52
64685;2.02
64686;1.87
64687;1.31
64688;2.2
64689;1.61
64690;1.52
64691;1.99
64692;1.82
64694;9.86
64695;9.68
64696;9.68
64697;9.89
64698;9.28
64699;9.6
64700;9.68
64701;9.68
64702;4.05
64703;3.97
64704;4.02
64705;3.78
6472;5.66
64773;5.02
64846;4.36
6486;0.57
64888;0.8
6496;1.15
64964;2.64
6497;1.38
650;2.39
65033;6.02
65046;2.39
65047;2.08
6511;0.7
6512;0.86
6513;0.99
6514;0.87
6515;1.1
6516;0.87
6517;0.95
6519;0.62
6520;1.59
6521;1.03
6523;1.19
6524;1.22
6525;1.25
6526;1.34
6527;1.52
65337;1.2
65338;2.3
65341;1.09
65342;1.15
65343;1.52
65345;1.57
65347;1.66
65348;1.76
65351;1.66
65352;1.65
65353;2.1
65355;2.35
65357;2.15
65437;2.16
655;0.66
656;1.67
65664;3.33
657;0.65
658;0.91
6581;1.83
65816;17.9
65818;8.3
65821;7.6
65822;6.0
65823;2.59
65825;2.29
65826;2.29
65829;3.3
65830;3.99
65833;4.15
65835;7.9
65836;10.4
65837;6.5
65838;8.75
65839;8.89
65840;6.05
65855;7.45
65856;5.3
65858;8.89
65859;13.99
65863;8.89
65865;9.8
65866;9.1
65867;8.35
65868;11.2
65870;6.59
65871;8.99
65872;6.6
65873;7.99
65874;11.97
65878;11.32
65879;8.55
65880;11.6
65881;8.1
65882;9.09
65887;11.5
65888;10.49
65889;11.85
6589;2.8
65890;2.5
65892;2.59
65893;2.59
65894;8.8
65895;8.8
65896;8.6
65897;8.8
65898;8.8
65902;16.72
65903;16.67
65904;5.67
65911;4.89
65950;2.01
65970;1.74
65972;1.07
65973;1.2
65988;7.65
65999;1.19
66;1.49
66018;12.9
66019;4.0
66021;8.26
66022;6.8
66023;6.8
66026;6.8
66028;6.61
66029;6.05
66030;11.4
66031;5.9
66032;6.7
66034;5.9
66035;6.69
66037;3.45
66039;6.5
66069;2.62
66218;16.4
66223;13.8
663;1.39
6630;0.42
66356;3.27
66360;2.37
66361;2.58
66362;25.18
66363;14.74
66364;14.75
66365;4.66
66366;3.95
66368;3.95
66369;2.51
66381;0.56
66383;1.57
66384;0.94
66385;1.7
66386;26.6
66392;7.4
66527;2.36
66554;2.69
66555;2.77
6668;1.75
66736;2.3
66745;12.5
66746;2.91
668;1.99
66803;4.1
66808;7.45
66809;4.75
66810;4.86
66811;4.88
66816;1.62
66817;4.39
66823;3.21
66824;1.87
66834;1.06
66837;0.85
66838;1.06
66839;1.06
66843;2.21
66844;1.85
66846;1.78
669;2.47
66947;1.79
66950;4.79
66953;3.66
66955;1.73
66956;1.23
66957;1.4
66965;2.72
66967;2.71
66968;1.84
67;1.29
67042;4.08
67049;1.59
67051;1.6
67052;1.92
67057;1.31
67092;1.47
67093;3.43
6710;2.29
6711;0.99
6712;1.04
67123;3.39
67131;1.69
6715;2.39
67150;3.93
67151;3.93
67162;2.51
673;1.42
67315;9.89
67393;1.63
67400;1.5
67421;3.18
67422;1.94
67442;2.7
67458;0.9
67522;1.15
67529;26.21
67532;24.66
67533;27.39
67568;0.45
67569;1.07
67570;1.2
67571;0.92
67572;0.37
67573;0.68
67620;0.79
67621;0.47
67622;0.79
67651;1.44
67652;1.24
67653;1.4
67667;0.63
67677;1.28
67678;1.23
67679;1.17
67681;0.42
67682;1.21
67693;1.47
67708;2.86
67709;6.11
6780;1.01
67807;1.44
6782;1.92
6784;1.88
6785;0.8
6787;1.51
67876;2.59
67877;2.52
67879;15.14
6788;0.72
67880;3.76
67889;2.87
67891;2.61
67896;1.57
6791;1.44
67912;3.73
67921;0.8
67922;3.76
67924;18.12
6795;1.85
67953;2.29
6796;0.93
6797;2.94
6799;1.83
68;0.79
6800;2.57
68005;4.04
68008;1.52
68012;1.29
6803;1.64
6804;1.07
6806;1.0
68060;11.92
6807;1.04
68088;0.98
68090;1.45
68094;1.58
6810;1.94
68116;2.99
68128;2.99
682;0.94
68216;0.42
68278;0.44
6829;1.04
683;1.04
68305;9.9
68308;10.04
68310;4.95
68311;5.0
68312;4.65
68318;1.67
6834;0.44
68355;1.81
6837;1.99
68391;1.91
68399;4.1
68428;2.49
68429;1.54
6843;17.8
68430;1.53
68433;1.5
68434;1.5
68441;2.29
68443;2.63
68445;0.44
68446;2.32
68447;1.71
68448;2.0
68451;0.92
68453;1.29
68455;2.89
68459;1.99
6847;1.06
68475;9.43
68476;7.86
68479;5.72
68482;5.64
68484;1.98
68486;2.73
68487;3.02
68488;3.42
6853;15.66
6858;1.77
68676;6.2
6873;2.04
68737;1.87
68738;0.96
6879;1.44
6880;1.26
6881;1.3
68824;1.53
68834;3.0
68844;0.69
68845;1.49
68848;1.49
68850;1.49
68868;1.84
68870;2.5
68871;1.66
68873;2.39
68874;2.32
689;2.0
68902;0.46
68924;1.71
68928;3.82
68930;3.1
68931;2.39
68932;2.13
68935;1.85
68951;1.42
68952;1.42
68953;1.42
69002;1.2
69004;1.03
69012;1.05
69016;1.45
69017;1.65
69061;0.64
69062;1.73
69069;2.54
69073;0.95
69075;1.27
69077;2.53
69079;2.1
6909;0.59
69114;7.04
69115;5.93
69116;7.04
69118;7.04
6912;4.15
69141;1.0
69145;1.26
69147;3.65
69148;3.93
69149;4.02
6915;0.9
69150;1.27
69151;1.24
69152;1.3
69153;1.3
69154;1.47
69155;1.4
6916;0.64
69227;3.35
69233;2.53
69237;1.56
69240;2.6
69268;2.49
69269;26.29
69271;4.53
69277;34.83
69278;3.29
69279;10.93
69280;8.38
69281;8.38
69282;8.38
69283;8.38
69284;8.38
69285;20.46
69286;21.82
69317;2.4
69345;3.62
69347;9.93
69383;3.67
69385;3.67
69432;3.95
69445;3.27
69481;1.36
69590;4.46
69703;1.37
69704;1.58
69705;1.78
69707;1.95
69736;9.45
6998;18.0
7;0.97
7005;1.87
70061;5.38
70087;5.95
70089;3.87
70090;5.94
70091;4.3
7010;1.79
7011;1.8
7013;1.92
70140;2.35
7015;1.92
7016;1.92
7018;1.92
7022;1.65
7025;1.59
7028;5.59
7029;1.27
7030;0.46
70382;3.7
70389;3.64
7056;3.09
70634;0.8
70640;0.99
707;1.29
7071;2.66
7085;2.41
70993;2.05
7105;1.25
71080;15.43
71088;8.45
71099;7.75
71100;7.85
71102;2.13
71154;2.27
71162;0.67
71164;1.7
71165;2.2
71224;29.0
7126;3.28
7128;2.7
7132;2.99
71411;3.16
71414;3.67
71415;10.21
71416;9.83
71418;10.0
71420;14.99
71421;9.59
71428;2.7
71430;2.09
71432;1.56
71434;1.1
71435;2.61
71436;1.83
71440;2.2
71441;2.45
71443;1.56
71445;2.44
71447;2.2
71449;1.72
71450;2.91
71452;2.06
71453;2.51
71454;2.06
71455;1.45
71457;4.38
71459;2.29
7146;0.67
71460;0.95
71461;3.0
71462;2.59
71473;10.95
71475;9.95
71488;1.59
71490;9.95
71493;0.98
71495;7.75
71524;1.0
71531;1.75
71577;2.25
71578;1.36
71579;0.44
71580;1.37
71599;2.61
71600;1.14
71602;2.41
71605;1.38
71606;1.49
71627;1.31
71637;1.65
71678;1.44
71688;2.06
71691;6.48
71693;6.48
72;1.44
72032;17.65
7215;3.53
7216;1.29
72164;4.45
7270;0.62
72731;2.29
72757;2.03
72778;3.59
72786;13.83
72788;2.72
72789;17.82
72791;3.71
7282;0.84
7283;0.84
7284;0.89
7288;1.49
7289;1.99
72923;2.77
72924;3.04
72928;1.91
7293;1.33
7296;1.68
7298;1.66
72988;4.6
7299;2.15
7300;1.78
7301;1.8
7307;3.99
73086;1.01
731;0.89
733;16.17
7343;0.66
7344;0.8
7345;0.67
7349;1.89
7350;1.87
7352;1.6
7358;2.66
7361;1.4
7362;0.82
7363;0.85
7364;0.61
7368;1.99
7369;1.31
737;8.15
7378;2.58
7379;2.5
73790;3.07
73793;0.86
73805;0.93
7381;1.44
73956;3.64
73957;3.41
74;1.83
741;2.25
74105;1.41
74133;2.03
7415;5.15
7416;3.95
7417;9.89
7418;5.95
742;12.9
7420;1.19
7424;1.2
743;2.31
7432;4.23
7433;0.94
74336;3.35
7434;2.15
74342;4.69
74343;1.55
74344;3.5
74350;2.78
74351;2.08
74352;2.19
74354;3.08
74355;1.89
74356;3.54
74358;2.01
7436;6.1
74365;3.16
7437;0.75
74381;1.46
74388;14.02
7439;1.63
744;1.69
7441;1.94
7443;1.02
7444;0.82
7448;0.99
7450;1.5
7451;1.61
7452;1.69
7453;4.59
7455;1.42
74555;3.94
74566;3.94
7459;0.67
7460;1.55
7465;0.99
7466;1.49
749;1.13
75;1.27
750;1.29
75002;2.84
7508;2.49
7509;2.36
751;1.54
7511;2.24
7512;2.47
7514;2.34
752;3.5
75222;2.02
75223;2.02
75224;2.58
75227;4.38
75232;9.29
7525;1.68
75279;3.11
75283;3.11
7529;2.24
753;1.05
75319;1.44
75334;8.07
75335;2.3
75357;1.54
75359;3.13
75370;1.51
754;2.09
7540;1.05
7541;1.0
7542;1.15
75426;3.75
75439;11.6
7548;2.16
7549;0.93
7551;1.89
75511;3.9
75522;13.37
75547;2.4
75567;2.59
75572;2.42
75587;2.29
7563;1.11
757;3.77
7573;2.6
7574;2.61
7575;1.74
7576;1.7
7578;2.31
7585;2.06
7586;1.77
7589;1.4
75952;2.7
75954;2.35
7598;3.83
76;1.09
760;1.59
7600;2.34
76008;2.37
7601;2.56
76015;1.42
76018;0.85
76021;3.04
76025;0.58
76040;2.39
76041;2.35
76042;2.38
76043;2.42
7608;0.65
76127;5.9
76128;8.0
76129;15.8
76211;1.48
76214;1.83
76221;1.31
7626;7.39
76272;1.99
76323;4.09
764;1.43
76410;2.03
76437;3.64
76444;2.25
76445;2.25
76446;2.25
76449;4.94
7646;2.16
765;1.46
76501;2.31
76592;12.05
7666;1.68
76687;1.48
76688;1.55
76689;1.62
7672;1.56
76736;3.48
76739;2.25
76740;1.48
76741;1.83
76742;1.65
76743;1.64
76744;1.55
76745;2.14
76746;1.63
76747;1.53
76748;3.45
76749;1.59
76750;7.27
76774;11.08
76781;1.74
76782;2.34
76783;8.47
76785;2.68
76787;10.95
76788;3.77
76789;3.89
76864;1.84
76866;1.97
76867;1.78
76872;4.68
76873;6.78
76875;1.87
76876;1.88
76877;2.4
76878;1.9
76880;2.43
76883;2.02
76884;2.33
76886;2.02
76897;2.44
76899;1.63
769;1.57
7693;3.6
7694;4.13
7695;2.51
7696;1.5
7697;1.72
76975;9.69
76976;6.99
77;1.75
77000;3.05
77002;3.24
77007;1.08
77009;1.86
77010;1.5
77017;2.79
7716;2.16
7717;1.71
7729;1.13
773;2.15
7730;1.15
7732;1.2
7733;1.2
77336;3.02
77359;0.93
77360;1.22
7739;1.61
7743;1.67
7744;1.71
77505;4.56
77570;1.79
77586;10.8
7761;1.92
7762;2.18
77688;3.59
77689;1.1
7769;1.75
77735;1.79
77736;1.45
77737;3.84
77739;4.5
77745;2.03
77746;2.03
77755;1.82
77770;4.88
77781;2.92
778;2.95
77820;5.33
7783;1.2
7784;1.57
78;1.64
780;1.17
78025;3.29
78057;2.22
78075;2.81
78087;2.77
78097;3.11
78098;1.94
781;1.27
78102;1.65
78103;1.61
78104;5.14
78105;2.52
78106;2.56
78108;2.9
78137;1.46
78140;1.99
78176;3.93
782;1.24
78254;0.76
78386;5.8
78447;5.59
78454;3.16
78485;3.04
78488;3.02
785;1.41
78574;1.51
78582;2.35
786;1.97
78618;2.48
78632;2.1
7864;0.64
7866;1.72
7868;0.91
7869;1.12
787;1.63
7870;1.76
78725;0.95
78732;2.29
78748;0.99
78801;3.84
78806;5.63
78809;2.37
7881;1.59
78819;4.5
7882;2.92
78822;3.92
78824;3.72
7887;2.99
7890;1.97
78942;6.6
78944;3.84
78945;1.79
78948;1.26
78949;1.1
78950;2.75
78953;1.3
78972;4.45
78977;1.46
78978;3.31
7899;1.86
79;0.89
79006;3.05
79026;4.99
79077;4.28
79092;1.98
79186;2.6
79188;2.6
79190;2.6
79192;2.6
79229;4.12
79232;3.4
79237;3.33
79240;3.38
79246;3.47
79279;8.77
79280;8.58
79350;2.88
794;2.37
79402;1.77
79404;1.72
79406;1.81
795;1.43
79515;1.22
79517;2.05
79520;1.46
79547;2.58
79551;1.0
79552;1.53
79554;1.91
79556;2.49
796;3.49
79619;1.6
79623;2.45
79624;2.87
79625;2.83
79666;3.33
79670;15.84
7972;2.43
79731;10.79
7975;2.71
798;1.99
79848;13.86
79849;14.44
79850;14.46
79887;2.2
7991;4.07
7993;3.73
7996;1.0
8;1.4
80;4.05
800;0.75
8000;1.58
8002;2.89
8005;0.69
80066;3.9
80067;3.9
80068;3.9
80069;3.9
80070;3.9
8011;2.03
80114;13.03
8012;1.18
80129;9.08
8013;1.09
8014;1.75
8017;0.59
8018;1.88
80181;4.27
80186;12.03
80204;4.08
80206;1.79
80208;3.94
8021;1.88
80219;2.8
80221;3.37
80222;1.47
80226;2.09
80228;1.99
80229;1.69
80230;2.05
80231;3.59
80232;1.95
80234;1.07
80237;3.46
8024;2.88
8025;2.98
8026;0.89
8027;1.0
80271;2.45
80276;2.4
80302;3.0
80303;11.81
80307;2.25
80310;10.04
80311;10.04
80312;8.12
80313;10.04
8032;2.99
80324;5.85
80329;1.76
8033;2.81
80338;1.25
80349;4.42
80377;1.95
80380;1.34
80382;1.47
80383;2.28
80385;3.34
80386;3.6
80396;4.7
80398;4.14
80470;24.37
80477;3.2
80482;14.27
80506;4.56
80508;4.58
80510;4.65
80511;4.8
80512;4.8
80514;28.55
80592;2.96
806;3.21
80606;4.98
80630;1.34
807;1.38
80724;1.09
80725;3.87
80731;2.42
80732;3.99
80733;2.2
80734;3.34
80749;10.19
80750;8.85
80751;13.75
80752;10.86
80753;9.55
80754;7.73
808;0.79
80839;1.2
8084;2.44
80840;1.59
80841;1.5
80842;1.56
8085;3.11
80853;2.96
809;0.85
80902;19.52
80903;25.51
80904;17.1
80906;18.05
80907;3.55
80908;2.23
80909;6.84
80910;8.14
80914;6.35
80915;8.86
80916;10.36
80917;8.14
80918;9.54
80919;10.36
80920;8.19
80921;19.33
80922;8.19
80923;19.03
80924;22.0
80925;11.98
80927;2.24
810;1.27
81009;1.77
81014;1.63
81056;5.43
81057;4.58
81059;16.43
81060;17.97
81061;19.01
81064;10.42
81098;18.48
81100;18.48
81102;7.88
81104;6.73
81105;8.26
81107;8.29
81109;5.47
81112;8.29
81115;9.5
81188;1.66
8119;1.46
81191;5.46
81196;1.05
81197;1.15
81199;2.13
8120;2.49
81200;1.14
81201;1.78
81202;5.37
81203;2.36
81204;1.78
8121;1.81
81235;1.45
81236;1.59
81237;1.45
81238;3.5
81240;8.55
81241;17.88
81243;6.61
81246;5.68
81254;8.0
81255;3.25
8126;2.63
81262;3.49
81266;3.9
81268;4.14
81272;1.41
81277;1.44
81280;1.06
81281;0.99
81288;13.7
81289;11.71
8129;1.05
81293;1.7
8130;3.99
81309;1.53
81312;4.36
81323;6.17
81328;6.48
81348;3.88
81349;1.15
81350;1.7
81351;3.89
81353;2.01
81374;14.85
81382;15.0
81383;2.01
81384;10.43
81452;24.97
81453;24.97
81454;24.97
81456;24.97
81461;1.59
8152;12.75
81548;1.89
81549;1.69
81554;1.63
81557;1.05
81558;1.44
81560;1.51
81562;24.9
81564;21.95
81565;13.45
816;1.58
817;1.38
81724;2.37
81725;2.5
81726;2.44
81773;2.98
81777;2.98
8178;1.0
81783;2.02
818;1.25
8181;5.29
81816;2.33
8182;3.94
81825;2.67
81852;2.4
81890;2.72
81894;4.26
819;2.26
81902;2.02
81904;0.97
81907;5.4
81909;2.01
8191;2.58
81912;2.17
8193;1.88
82020;3.73
82021;4.25
82023;3.37
82027;3.2
8208;1.5
82092;3.31
82093;3.38
821;2.09
82127;4.29
82145;3.48
82146;2.85
82157;1.61
8217;5.22
82170;1.54
82171;6.06
82172;3.87
82176;4.11
82177;3.85
82178;1.5
82179;2.52
82181;1.4
822;1.06
82218;4.81
82222;5.18
82223;4.87
82227;17.76
82228;13.0
82229;27.05
82231;16.11
82232;2.49
82233;2.75
82234;6.31
82235;2.09
82236;7.39
82240;1.65
82242;1.64
82245;1.99
82246;1.88
82247;1.88
82249;2.42
82250;2.11
82251;2.55
82253;1.32
82254;3.47
82255;4.01
82260;2.14
82265;2.95
82270;1.51
82271;1.5
82272;1.1
82276;1.12
82332;2.94
82358;6.57
82386;6.61
82401;12.45
82436;6.73
82440;2.2
82520;1.28
82659;2.09
82663;17.5
82664;16.37
82665;16.71
82677;1.24
82681;3.37
82688;5.03
82689;2.51
82691;2.98
82692;1.64
82695;1.66
82716;29.99
82717;17.27
82722;26.32
82724;5.31
82726;5.2
82732;2.95
82750;5.65
82755;5.27
82766;4.4
82768;4.33
82770;3.42
82775;4.29
82921;2.9
82922;3.22
82924;4.13
83107;1.8
83117;5.27
83240;4.07
83303;1.53
83379;2.7
83380;2.74
834;2.93
8375;0.54
8382;0.64
83823;3.04
83824;2.7
83825;3.22
83827;2.7
8383;0.89
83835;3.57
8384;2.24
8387;1.8
839;2.99
8391;0.85
8392;3.26
8393;3.5
8395;2.83
83951;10.04
8397;2.27
83981;11.39
83985;3.42
83986;3.64
8399;1.36
84;1.18
84007;3.98
84021;3.12
84022;10.7
84028;11.2
84034;12.95
841;2.38
84112;6.16
84114;4.49
84116;5.06
84118;9.59
84119;8.12
84122;8.44
84124;7.03
84125;9.36
84128;7.04
84129;4.39
8413;0.95
84130;7.04
84132;7.03
84134;7.03
84137;17.51
84139;4.94
84141;10.04
84143;3.53
84144;3.27
84146;3.92
84148;3.95
84149;4.52
8415;0.5
84153;3.47
84154;1.08
84156;2.05
84158;1.9
84159;2.65
84160;2.54
84161;2.5
8418;2.82
84181;4.27
84182;4.27
84186;17.98
84188;24.85
8419;0.65
84199;3.48
842;2.37
84201;2.35
8428;1.23
843;1.59
8432;1.9
8442;5.16
84457;4.95
84458;4.95
8446;2.19
84514;4.14
8456;3.19
8457;3.37
8458;2.57
8466;2.99
8471;3.69
8474;2.45
8475;1.02
8477;1.28
84778;3.22
8478;1.3
84789;3.0
84790;2.29
84794;3.0
8484;12.95
8494;2.13
85;1.12
85022;3.55
85034;3.83
85035;3.99
85036;4.99
85037;2.35
85038;2.24
85039;5.13
8504;1.53
85052;5.99
85053;3.53
85054;6.26
85055;4.99
85061;5.85
85065;1.62
85067;1.61
85068;3.59
85069;3.39
85070;3.59
85075;2.26
85081;0.59
8515;6.3
8521;3.22
85226;0.97
85236;1.52
85239;1.38
85241;1.5
85278;1.6
8528;0.82
8531;0.88
8533;1.19
8535;0.92
8536;1.35
85378;2.19
8538;1.39
85383;8.62
8539;1.79
8540;1.84
8541;1.67
855;1.49
8553;1.61
8558;3.09
8559;2.04
856;2.66
8561;1.56
85618;1.67
8564;0.88
8566;0.98
8567;2.6
85681;2.33
85688;2.33
85692;3.49
8572;1.67
85735;1.36
85736;1.97
85737;2.0
85739;0.9
85745;3.45
8575;1.84
85766;2.27
85767;2.36
86;0.86
86000;16.99
86001;10.99
8603;4.45
8605;17.63
8608;6.49
86209;3.27
8630;3.77
8631;4.81
8634;5.11
86353;3.99
86375;3.53
86401;3.47
86403;2.37
8641;8.06
86415;1.96
86416;2.06
86419;4.99
8642;0.71
86421;1.71
86422;3.45
86423;3.04
86424;3.04
86425;3.04
86426;3.04
86427;3.04
86428;2.92
86429;4.04
8643;1.93
86430;3.98
86431;3.04
86432;3.04
86433;2.45
86434;2.35
86435;5.04
86436;2.19
86437;2.05
86438;2.48
86439;1.61
8645;1.37
86450;1.5
86451;1.68
86453;1.53
86454;1.5
86455;1.94
86456;1.6
86457;2.41
86458;1.04
8646;0.95
86463;19.15
86468;13.78
8647;1.03
86470;2.14
86474;2.15
8648;2.11
86482;1.98
86488;2.81
86489;1.09
8649;0.99
8650;0.99
8651;1.14
8653;1.11
86567;1.66
86570;1.75
86573;1.64
86586;1.17
86656;1.83
86658;2.68
86664;4.99
86665;4.42
86666;2.28
86667;15.42
86670;3.15
86672;1.34
86673;1.48
86675;9.27
86676;2.47
86678;6.48
8672;1.11
86724;5.43
86725;2.84
86736;4.6
8674;1.43
86745;7.99
86746;2.83
86749;6.44
8675;1.83
8678;9.84
86788;1.79
8679;3.9
86807;8.0
86810;5.99
86816;2.52
86817;2.97
8682;2.01
86834;9.98
86835;9.98
86841;7.32
86883;3.97
86917;6.19
86975;3.02
86976;2.01
8698;1.96
86986;2.56
86992;15.44
87022;2.27
87057;6.79
87061;1.69
87076;1.4
87078;1.4
87079;1.4
87081;1.4
87084;9.87
87091;3.78
87093;1.49
871;2.59
87100;1.17
87101;3.47
87164;6.1
87165;6.23
872;1.78
8729;1.2
8734;18.85
8736;1.62
87375;1.59
8740;1.97
8746;1.49
8749;3.77
8754;1.32
87558;5.49
8762;2.65
87703;3.49
87748;2.42
8776;0.42
8784;2.37
8786;0.87
87918;1.99
87919;2.0
87922;3.51
87924;4.67
87925;4.65
87926;4.7
87927;4.7
87928;4.7
87929;6.08
87930;7.41
87931;6.22
87933;1.83
87934;4.82
87935;1.99
87956;5.91
87959;3.42
8796;1.51
88039;4.64
8804;1.6
88062;1.32
8809;1.12
88109;2.01
88136;12.95
88137;12.95
88143;6.9
88146;20.55
88150;9.49
88159;31.99
8817;1.29
88175;7.5
88180;8.99
88184;20.89
88185;13.69
88188;13.29
88192;14.2
88193;4.5
88195;3.2
88198;29.0
88201;4.4
88202;25.5
88204;4.45
88216;14.7
88228;24.72
88230;24.5
88235;9.9
88237;3.9
88241;3.5
88242;8.6
88245;16.37
88248;3.22
8825;1.73
88265;24.9
88266;11.41
88267;11.4
88273;2.85
88274;3.99
88286;6.45
88287;4.75
88289;1.99
88293;9.75
88295;9.9
88297;12.99
88305;9.99
88306;9.99
88309;13.79
88310;8.67
88311;28.9
88312;14.99
88315;16.25
88316;23.3
88340;1.67
88341;1.88
88343;2.28
88344;3.12
88354;10.65
8837;0.97
88413;1.34
88414;0.93
88418;0.93
88442;14.84
88444;7.61
8845;0.92
88450;2.3
88451;18.25
8846;1.39
88470;1.89
88471;2.2
88472;3.29
88476;3.6
88477;3.6
88478;4.1
88479;6.1
8848;1.37
88480;10.2
88481;27.3
88485;2.03
8849;1.31
8850;1.15
8853;1.89
8854;4.63
8855;1.19
88557;2.49
88558;2.49
88560;2.49
88569;2.39
8857;1.51
8858;1.65
8859;1.45
8861;1.75
8863;1.1
8864;0.49
8865;0.76
8869;1.29
887;1.33
8870;1.56
8879;5.99
8891;3.96
890;1.21
89010;3.66
8908;1.49
8912;2.42
892;2.05
89320;1.82
89327;3.04
89329;1.12
89331;2.28
89334;2.05
89338;2.99
89340;69.95
89341;0.44
89343;3.04
89344;2.36
89345;2.36
89346;2.24
89362;2.17
894;1.3
89422;1.99
89424;1.81
895;1.24
8951;1.98
89515;0.6
89516;3.3
89517;3.19
89521;1.15
8966;1.22
8969;3.39
89693;3.3
897;1.42
8972;0.73
8977;1.15
8987;1.6
899;1.56
9;0.65
90062;8.97
90119;3.2
90120;2.17
90122;1.58
90181;2.58
90184;4.22
90194;3.0
90196;2.95
90197;3.6
9025;1.98
9033;1.71
9035;16.05
90547;6.72
90549;3.8
90557;2.23
9056;1.37
90647;2.23
9065;4.61
9067;1.8
90749;3.29
90750;3.68
90763;5.09
90772;5.45
90782;2.22
90794;4.09
90798;3.53
90799;2.99
9080;1.8
90809;1.88
90817;1.17
90820;2.85
90822;2.75
9087;1.0
90892;24.53
9095;1.12
9110;1.69
91179;3.11
91221;0.67
9123;3.32
9124;2.73
9125;1.75
9130;0.96
9131;1.22
9136;1.3
91372;2.7
91376;2.9
9138;2.14
91380;3.1
91383;2.57
91387;2.57
9139;2.54
91390;7.9
91392;2.57
91396;4.9
9141;2.17
91429;4.9
91430;4.9
91431;4.2
91432;4.95
91433;6.9
91434;5.9
91435;5.2
91436;5.9
9144;1.37
91442;4.49
91443;3.6
91444;7.9
91445;3.6
91446;3.9
91451;4.9
91453;4.9
91455;3.9
91460;11.9
91463;8.9
91465;13.9
9148;1.24
9150;1.44
91553;2.12
91554;1.93
91556;2.38
91557;1.99
91559;2.71
9159;1.19
9161;1.59
9162;1.52
9163;1.54
9167;1.91
9170;0.99
9171;1.99
9173;2.27
9177;1.55
9179;2.98
918;0.86
9183;0.51
919;0.88
92;0.82
920;0.78
92089;1.09
921;0.73
9213;3.89
922;0.97
9223;0.66
9225;2.74
92266;1.37
92267;1.45
92274;2.38
923;2.4
9232;2.23
92351;1.58
924;1.21
92452;1.79
925;1.21
92532;4.4
92533;2.65
9257;3.45
926;1.52
9262;1.14
9265;2.2
9266;2.25
9267;1.36
92690;1.78
9270;0.87
9276;0.86
9278;2.62
92829;1.9
92842;1.49
93037;1.44
93041;3.24
93043;1.33
9307;1.2
93070;1.12
931;0.73
93112;2.14
932;0.94
9322;0.97
933;1.84
934;2.43
935;1.69
936;0.99
937;1.26
939;1.1
940;1.25
9409;0.92
942;1.84
943;1.22
9435;17.49
944;1.14
946;1.19
952;1.76
9540;3.25
955;1.65
959;0.62
9591;2.75
9593;3.25
9601;4.9
9602;2.79
9603;1.84
9605;0.7
9609;2.8
9611;1.95
9612;0.6
9632;2.67
9633;15.91
9634;14.09
9635;13.87
9638;16.7
9641;19.12
966;1.02
967;0.8
9676;2.35
9690;3.49
9692;1.46
97;0.6
970;4.27
9700;4.8
9708;1.03
9709;1.51
9746;6.7
975;0.83
9758;11.6
976;1.46
983;1.73
984;1.66
985;3.92
986;2.07
988;1.59
989;1.73
9892;18.65
9894;0.96
9898;8.25
9899;8.05
990;1.72
9907;14.12
991;3.92
9915;1.52
9916;0.79
9917;19.35
9920;1.35
9933;1.55
9937;2.5
